,ID,s,L,traj_times,traj_ssize,traj_emis,traj_simu
0,0,-1.0,-3.4311584162434126,[ 0 10 20 30 40 50 60 70 80 90],[30 30 30 30 30 30 30 30 30 30],[27  0  0  0  0  0  0  0  0  0],[0.9 0.  0.  0.  0.  0.  0.  0.  0.  0. ]
1,0,-0.99,-3.4365373342914736,[ 0 10 20 30 40 50 60 70 80 90],[30 30 30 30 30 30 30 30 30 30],[27  0  0  0  0  0  0  0  0  0],[0.9 0.  0.  0.  0.  0.  0.  0.  0.  0. ]
2,0,-0.98,-3.443285254280746,[ 0 10 20 30 40 50 60 70 80 90],[30 30 30 30 30 30 30 30 30 30],[27  0  0  0  0  0  0  0  0  0],[0.9 0.  0.  0.  0.  0.  0.  0.  0.  0. ]
3,0,-0.97,-3.4515079450252832,[ 0 10 20 30 40 50 60 70 80 90],[30 30 30 30 30 30 30 30 30 30],[27  0  0  0  0  0  0  0  0  0],[0.9 0.  0.  0.  0.  0.  0.  0.  0.  0. ]
4,0,-0.96,-3.461513511715292,[ 0 10 20 30 40 50 60 70 80 90],[30 30 30 30 30 30 30 30 30 30],[27  0  0  0  0  0  0  0  0  0],[0.9 0.  0.  0.  0.  0.  0.  0.  0.  0. ]
5,0,-0.95,-3.4733852685181357,[ 0 10 20 30 40 50 60 70 80 90],[30 30 30 30 30 30 30 30 30 30],[27  0  0  0  0  0  0  0  0  0],[0.9 0.  0.  0.  0.  0.  0.  0.  0.  0. ]
6,0,-0.94,-3.4884404152716346,[ 0 10 20 30 40 50 60 70 80 90],[30 30 30 30 30 30 30 30 30 30],[27  0  0  0  0  0  0  0  0  0],[0.9 0.  0.  0.  0.  0.  0.  0.  0.  0. ]
7,0,-0.9299999999999999,-3.503697936298774,[ 0 10 20 30 40 50 60 70 80 90],[30 30 30 30 30 30 30 30 30 30],[27  0  0  0  0  0  0  0  0  0],[0.9 0.  0.  0.  0.  0.  0.  0.  0.  0. ]
8,0,-0.92,-3.520487255294003,[ 0 10 20 30 40 50 60 70 80 90],[30 30 30 30 30 30 30 30 30 30],[27  0  0  0  0  0  0  0  0  0],[0.9 0.  0.  0.  0.  0.  0.  0.  0.  0. ]
9,0,-0.91,-3.5392159101207303,[ 0 10 20 30 40 50 60 70 80 90],[30 30 30 30 30 30 30 30 30 30],[27  0  0  0  0  0  0  0  0  0],[0.9 0.  0.  0.  0.  0.  0.  0.  0.  0. ]
10,0,-0.9,-3.5591650152646697,[ 0 10 20 30 40 50 60 70 80 90],[30 30 30 30 30 30 30 30 30 30],[27  0  0  0  0  0  0  0  0  0],[0.9 0.  0.  0.  0.  0.  0.  0.  0.  0. ]
11,0,-0.89,-3.5797325694530255,[ 0 10 20 30 40 50 60 70 80 90],[30 30 30 30 30 30 30 30 30 30],[27  0  0  0  0  0  0  0  0  0],[0.9 0.  0.  0.  0.  0.  0.  0.  0.  0. ]
12,0,-0.88,-3.612567981404038,[ 0 10 20 30 40 50 60 70 80 90],[30 30 30 30 30 30 30 30 30 30],[27  0  0  0  0  0  0  0  0  0],[0.9 0.  0.  0.  0.  0.  0.  0.  0.  0. ]
13,0,-0.87,-3.640757790611331,[ 0 10 20 30 40 50 60 70 80 90],[30 30 30 30 30 30 30 30 30 30],[27  0  0  0  0  0  0  0  0  0],[0.9 0.  0.  0.  0.  0.  0.  0.  0.  0. ]
14,0,-0.86,-3.6717027159465236,[ 0 10 20 30 40 50 60 70 80 90],[30 30 30 30 30 30 30 30 30 30],[27  0  0  0  0  0  0  0  0  0],[0.9 0.  0.  0.  0.  0.  0.  0.  0.  0. ]
15,0,-0.85,-3.7071633971446074,[ 0 10 20 30 40 50 60 70 80 90],[30 30 30 30 30 30 30 30 30 30],[27  0  0  0  0  0  0  0  0  0],[0.9 0.  0.  0.  0.  0.  0.  0.  0.  0. ]
16,0,-0.84,-3.741029910733806,[ 0 10 20 30 40 50 60 70 80 90],[30 30 30 30 30 30 30 30 30 30],[27  0  0  0  0  0  0  0  0  0],[0.9 0.  0.  0.  0.  0.  0.  0.  0.  0. ]
17,0,-0.83,-3.776776573150642,[ 0 10 20 30 40 50 60 70 80 90],[30 30 30 30 30 30 30 30 30 30],[27  0  0  0  0  0  0  0  0  0],[0.9 0.  0.  0.  0.  0.  0.  0.  0.  0. ]
18,0,-0.8200000000000001,-3.814356379245718,[ 0 10 20 30 40 50 60 70 80 90],[30 30 30 30 30 30 30 30 30 30],[27  0  0  0  0  0  0  0  0  0],[0.9 0.  0.  0.  0.  0.  0.  0.  0.  0. ]
19,0,-0.81,-3.853868412344659,[ 0 10 20 30 40 50 60 70 80 90],[30 30 30 30 30 30 30 30 30 30],[27  0  0  0  0  0  0  0  0  0],[0.9 0.  0.  0.  0.  0.  0.  0.  0.  0. ]
20,0,-0.8,-3.89533670593762,[ 0 10 20 30 40 50 60 70 80 90],[30 30 30 30 30 30 30 30 30 30],[27  0  0  0  0  0  0  0  0  0],[0.9 0.  0.  0.  0.  0.  0.  0.  0.  0. ]
21,0,-0.79,-3.9389797449944792,[ 0 10 20 30 40 50 60 70 80 90],[30 30 30 30 30 30 30 30 30 30],[27  0  0  0  0  0  0  0  0  0],[0.9 0.  0.  0.  0.  0.  0.  0.  0.  0. ]
22,0,-0.78,-3.9848465456748237,[ 0 10 20 30 40 50 60 70 80 90],[30 30 30 30 30 30 30 30 30 30],[27  0  0  0  0  0  0  0  0  0],[0.9 0.  0.  0.  0.  0.  0.  0.  0.  0. ]
23,0,-0.77,-4.032984237633249,[ 0 10 20 30 40 50 60 70 80 90],[30 30 30 30 30 30 30 30 30 30],[27  0  0  0  0  0  0  0  0  0],[0.9 0.  0.  0.  0.  0.  0.  0.  0.  0. ]
24,0,-0.76,-4.083441955858767,[ 0 10 20 30 40 50 60 70 80 90],[30 30 30 30 30 30 30 30 30 30],[27  0  0  0  0  0  0  0  0  0],[0.9 0.  0.  0.  0.  0.  0.  0.  0.  0. ]
25,0,-0.75,-4.136267406082463,[ 0 10 20 30 40 50 60 70 80 90],[30 30 30 30 30 30 30 30 30 30],[27  0  0  0  0  0  0  0  0  0],[0.9 0.  0.  0.  0.  0.  0.  0.  0.  0. ]
26,0,-0.74,-4.191502541324513,[ 0 10 20 30 40 50 60 70 80 90],[30 30 30 30 30 30 30 30 30 30],[27  0  0  0  0  0  0  0  0  0],[0.9 0.  0.  0.  0.  0.  0.  0.  0.  0. ]
27,0,-0.73,-4.249199490681761,[ 0 10 20 30 40 50 60 70 80 90],[30 30 30 30 30 30 30 30 30 30],[27  0  0  0  0  0  0  0  0  0],[0.9 0.  0.  0.  0.  0.  0.  0.  0.  0. ]
28,0,-0.72,-4.3094669500687095,[ 0 10 20 30 40 50 60 70 80 90],[30 30 30 30 30 30 30 30 30 30],[27  0  0  0  0  0  0  0  0  0],[0.9 0.  0.  0.  0.  0.  0.  0.  0.  0. ]
29,0,-0.71,-4.372525296952484,[ 0 10 20 30 40 50 60 70 80 90],[30 30 30 30 30 30 30 30 30 30],[27  0  0  0  0  0  0  0  0  0],[0.9 0.  0.  0.  0.  0.  0.  0.  0.  0. ]
30,0,-0.7,-4.4387312295655255,[ 0 10 20 30 40 50 60 70 80 90],[30 30 30 30 30 30 30 30 30 30],[27  0  0  0  0  0  0  0  0  0],[0.9 0.  0.  0.  0.  0.  0.  0.  0.  0. ]
31,0,-0.69,-4.508553889833075,[ 0 10 20 30 40 50 60 70 80 90],[30 30 30 30 30 30 30 30 30 30],[27  0  0  0  0  0  0  0  0  0],[0.9 0.  0.  0.  0.  0.  0.  0.  0.  0. ]
32,0,-0.6799999999999999,-4.582520351780671,[ 0 10 20 30 40 50 60 70 80 90],[30 30 30 30 30 30 30 30 30 30],[27  0  0  0  0  0  0  0  0  0],[0.9 0.  0.  0.  0.  0.  0.  0.  0.  0. ]
33,0,-0.6699999999999999,-4.6611603169465345,[ 0 10 20 30 40 50 60 70 80 90],[30 30 30 30 30 30 30 30 30 30],[27  0  0  0  0  0  0  0  0  0],[0.9 0.  0.  0.  0.  0.  0.  0.  0.  0. ]
34,0,-0.6599999999999999,-4.744966063996609,[ 0 10 20 30 40 50 60 70 80 90],[30 30 30 30 30 30 30 30 30 30],[27  0  0  0  0  0  0  0  0  0],[0.9 0.  0.  0.  0.  0.  0.  0.  0.  0. ]
35,0,-0.6499999999999999,-4.834368129759496,[ 0 10 20 30 40 50 60 70 80 90],[30 30 30 30 30 30 30 30 30 30],[27  0  0  0  0  0  0  0  0  0],[0.9 0.  0.  0.  0.  0.  0.  0.  0.  0. ]
36,0,-0.64,-4.92972189978444,[ 0 10 20 30 40 50 60 70 80 90],[30 30 30 30 30 30 30 30 30 30],[27  0  0  0  0  0  0  0  0  0],[0.9 0.  0.  0.  0.  0.  0.  0.  0.  0. ]
37,0,-0.63,-5.031301287439477,[ 0 10 20 30 40 50 60 70 80 90],[30 30 30 30 30 30 30 30 30 30],[27  0  0  0  0  0  0  0  0  0],[0.9 0.  0.  0.  0.  0.  0.  0.  0.  0. ]
38,0,-0.62,-5.13929744037911,[ 0 10 20 30 40 50 60 70 80 90],[30 30 30 30 30 30 30 30 30 30],[27  0  0  0  0  0  0  0  0  0],[0.9 0.  0.  0.  0.  0.  0.  0.  0.  0. ]
39,0,-0.61,-5.253821278881907,[ 0 10 20 30 40 50 60 70 80 90],[30 30 30 30 30 30 30 30 30 30],[27  0  0  0  0  0  0  0  0  0],[0.9 0.  0.  0.  0.  0.  0.  0.  0.  0. ]
40,0,-0.6,-5.374908905603163,[ 0 10 20 30 40 50 60 70 80 90],[30 30 30 30 30 30 30 30 30 30],[27  0  0  0  0  0  0  0  0  0],[0.9 0.  0.  0.  0.  0.  0.  0.  0.  0. ]
41,0,-0.59,-5.502528951607205,[ 0 10 20 30 40 50 60 70 80 90],[30 30 30 30 30 30 30 30 30 30],[27  0  0  0  0  0  0  0  0  0],[0.9 0.  0.  0.  0.  0.  0.  0.  0.  0. ]
42,0,-0.5800000000000001,-5.636591034233469,[ 0 10 20 30 40 50 60 70 80 90],[30 30 30 30 30 30 30 30 30 30],[27  0  0  0  0  0  0  0  0  0],[0.9 0.  0.  0.  0.  0.  0.  0.  0.  0. ]
43,0,-0.5700000000000001,-5.776953943111725,[ 0 10 20 30 40 50 60 70 80 90],[30 30 30 30 30 30 30 30 30 30],[27  0  0  0  0  0  0  0  0  0],[0.9 0.  0.  0.  0.  0.  0.  0.  0.  0. ]
44,0,-0.56,-5.923383431314011,[ 0 10 20 30 40 50 60 70 80 90],[30 30 30 30 30 30 30 30 30 30],[27  0  0  0  0  0  0  0  0  0],[0.9 0.  0.  0.  0.  0.  0.  0.  0.  0. ]
45,0,-0.55,-6.075613367322346,[ 0 10 20 30 40 50 60 70 80 90],[30 30 30 30 30 30 30 30 30 30],[27  0  0  0  0  0  0  0  0  0],[0.9 0.  0.  0.  0.  0.  0.  0.  0.  0. ]
46,0,-0.54,-6.2334080452532215,[ 0 10 20 30 40 50 60 70 80 90],[30 30 30 30 30 30 30 30 30 30],[27  0  0  0  0  0  0  0  0  0],[0.9 0.  0.  0.  0.  0.  0.  0.  0.  0. ]
47,0,-0.53,-6.396543114504645,[ 0 10 20 30 40 50 60 70 80 90],[30 30 30 30 30 30 30 30 30 30],[27  0  0  0  0  0  0  0  0  0],[0.9 0.  0.  0.  0.  0.  0.  0.  0.  0. ]
48,0,-0.52,-6.564768213208822,[ 0 10 20 30 40 50 60 70 80 90],[30 30 30 30 30 30 30 30 30 30],[27  0  0  0  0  0  0  0  0  0],[0.9 0.  0.  0.  0.  0.  0.  0.  0.  0. ]
49,0,-0.51,-6.7378124500542,[ 0 10 20 30 40 50 60 70 80 90],[30 30 30 30 30 30 30 30 30 30],[27  0  0  0  0  0  0  0  0  0],[0.9 0.  0.  0.  0.  0.  0.  0.  0.  0. ]
50,0,-0.5,-6.915408922188938,[ 0 10 20 30 40 50 60 70 80 90],[30 30 30 30 30 30 30 30 30 30],[27  0  0  0  0  0  0  0  0  0],[0.9 0.  0.  0.  0.  0.  0.  0.  0.  0. ]
51,0,-0.49,-7.097313355892956,[ 0 10 20 30 40 50 60 70 80 90],[30 30 30 30 30 30 30 30 30 30],[27  0  0  0  0  0  0  0  0  0],[0.9 0.  0.  0.  0.  0.  0.  0.  0.  0. ]
52,0,-0.48,-7.28330137043451,[ 0 10 20 30 40 50 60 70 80 90],[30 30 30 30 30 30 30 30 30 30],[27  0  0  0  0  0  0  0  0  0],[0.9 0.  0.  0.  0.  0.  0.  0.  0.  0. ]
53,0,-0.47,-7.47315437922592,[ 0 10 20 30 40 50 60 70 80 90],[30 30 30 30 30 30 30 30 30 30],[27  0  0  0  0  0  0  0  0  0],[0.9 0.  0.  0.  0.  0.  0.  0.  0.  0. ]
54,0,-0.45999999999999996,-7.666654643202561,[ 0 10 20 30 40 50 60 70 80 90],[30 30 30 30 30 30 30 30 30 30],[27  0  0  0  0  0  0  0  0  0],[0.9 0.  0.  0.  0.  0.  0.  0.  0.  0. ]
55,0,-0.44999999999999996,-7.863596441454934,[ 0 10 20 30 40 50 60 70 80 90],[30 30 30 30 30 30 30 30 30 30],[27  0  0  0  0  0  0  0  0  0],[0.9 0.  0.  0.  0.  0.  0.  0.  0.  0. ]
56,0,-0.43999999999999995,-8.06380306362369,[ 0 10 20 30 40 50 60 70 80 90],[30 30 30 30 30 30 30 30 30 30],[27  0  0  0  0  0  0  0  0  0],[0.9 0.  0.  0.  0.  0.  0.  0.  0.  0. ]
57,0,-0.42999999999999994,-8.267137035633725,[ 0 10 20 30 40 50 60 70 80 90],[30 30 30 30 30 30 30 30 30 30],[27  0  0  0  0  0  0  0  0  0],[0.9 0.  0.  0.  0.  0.  0.  0.  0.  0. ]
58,0,-0.42000000000000004,-8.473500984695095,[ 0 10 20 30 40 50 60 70 80 90],[30 30 30 30 30 30 30 30 30 30],[27  0  0  0  0  0  0  0  0  0],[0.9 0.  0.  0.  0.  0.  0.  0.  0.  0. ]
59,0,-0.41000000000000003,-8.682834722201914,[ 0 10 20 30 40 50 60 70 80 90],[30 30 30 30 30 30 30 30 30 30],[27  0  0  0  0  0  0  0  0  0],[0.9 0.  0.  0.  0.  0.  0.  0.  0.  0. ]
60,0,-0.4,-8.895113786975733,[ 0 10 20 30 40 50 60 70 80 90],[30 30 30 30 30 30 30 30 30 30],[27  0  0  0  0  0  0  0  0  0],[0.9 0.  0.  0.  0.  0.  0.  0.  0.  0. ]
61,0,-0.39,-9.110350192317162,[ 0 10 20 30 40 50 60 70 80 90],[30 30 30 30 30 30 30 30 30 30],[27  0  0  0  0  0  0  0  0  0],[0.9 0.  0.  0.  0.  0.  0.  0.  0.  0. ]
62,0,-0.38,-9.328593395747593,[ 0 10 20 30 40 50 60 70 80 90],[30 30 30 30 30 30 30 30 30 30],[27  0  0  0  0  0  0  0  0  0],[0.9 0.  0.  0.  0.  0.  0.  0.  0.  0. ]
63,0,-0.37,-9.549929721233347,[ 0 10 20 30 40 50 60 70 80 90],[30 30 30 30 30 30 30 30 30 30],[27  0  0  0  0  0  0  0  0  0],[0.9 0.  0.  0.  0.  0.  0.  0.  0.  0. ]
64,0,-0.36,-9.774479738311205,[ 0 10 20 30 40 50 60 70 80 90],[30 30 30 30 30 30 30 30 30 30],[27  0  0  0  0  0  0  0  0  0],[0.9 0.  0.  0.  0.  0.  0.  0.  0.  0. ]
65,0,-0.35,-10.002393992083222,[ 0 10 20 30 40 50 60 70 80 90],[30 30 30 30 30 30 30 30 30 30],[27  0  0  0  0  0  0  0  0  0],[0.9 0.  0.  0.  0.  0.  0.  0.  0.  0. ]
66,0,-0.33999999999999997,-10.233847762098547,[ 0 10 20 30 40 50 60 70 80 90],[30 30 30 30 30 30 30 30 30 30],[27  0  0  0  0  0  0  0  0  0],[0.9 0.  0.  0.  0.  0.  0.  0.  0.  0. ]
67,0,-0.32999999999999996,-10.469035468552327,[ 0 10 20 30 40 50 60 70 80 90],[30 30 30 30 30 30 30 30 30 30],[27  0  0  0  0  0  0  0  0  0],[0.9 0.  0.  0.  0.  0.  0.  0.  0.  0. ]
68,0,-0.31999999999999995,-10.70816516610868,[ 0 10 20 30 40 50 60 70 80 90],[30 30 30 30 30 30 30 30 30 30],[27  0  0  0  0  0  0  0  0  0],[0.9 0.  0.  0.  0.  0.  0.  0.  0.  0. ]
69,0,-0.30999999999999994,-10.95145338724728,[ 0 10 20 30 40 50 60 70 80 90],[30 30 30 30 30 30 30 30 30 30],[27  0  0  0  0  0  0  0  0  0],[0.9 0.  0.  0.  0.  0.  0.  0.  0.  0. ]
70,0,-0.29999999999999993,-11.19912046898842,[ 0 10 20 30 40 50 60 70 80 90],[30 30 30 30 30 30 30 30 30 30],[27  0  0  0  0  0  0  0  0  0],[0.9 0.  0.  0.  0.  0.  0.  0.  0.  0. ]
71,0,-0.29000000000000004,-11.451386424828124,[ 0 10 20 30 40 50 60 70 80 90],[30 30 30 30 30 30 30 30 30 30],[27  0  0  0  0  0  0  0  0  0],[0.9 0.  0.  0.  0.  0.  0.  0.  0.  0. ]
72,0,-0.28,-11.708467388859942,[ 0 10 20 30 40 50 60 70 80 90],[30 30 30 30 30 30 30 30 30 30],[27  0  0  0  0  0  0  0  0  0],[0.9 0.  0.  0.  0.  0.  0.  0.  0.  0. ]
73,0,-0.27,-11.970572639788255,[ 0 10 20 30 40 50 60 70 80 90],[30 30 30 30 30 30 30 30 30 30],[27  0  0  0  0  0  0  0  0  0],[0.9 0.  0.  0.  0.  0.  0.  0.  0.  0. ]
74,0,-0.26,-12.23790219637606,[ 0 10 20 30 40 50 60 70 80 90],[30 30 30 30 30 30 30 30 30 30],[27  0  0  0  0  0  0  0  0  0],[0.9 0.  0.  0.  0.  0.  0.  0.  0.  0. ]
75,0,-0.25,-12.510644959640205,[ 0 10 20 30 40 50 60 70 80 90],[30 30 30 30 30 30 30 30 30 30],[27  0  0  0  0  0  0  0  0  0],[0.9 0.  0.  0.  0.  0.  0.  0.  0.  0. ]
76,0,-0.24,-12.788977362197306,[ 0 10 20 30 40 50 60 70 80 90],[30 30 30 30 30 30 30 30 30 30],[27  0  0  0  0  0  0  0  0  0],[0.9 0.  0.  0.  0.  0.  0.  0.  0.  0. ]
77,0,-0.22999999999999998,-13.073062473593751,[ 0 10 20 30 40 50 60 70 80 90],[30 30 30 30 30 30 30 30 30 30],[27  0  0  0  0  0  0  0  0  0],[0.9 0.  0.  0.  0.  0.  0.  0.  0.  0. ]
78,0,-0.21999999999999997,-13.363049503270716,[ 0 10 20 30 40 50 60 70 80 90],[30 30 30 30 30 30 30 30 30 30],[27  0  0  0  0  0  0  0  0  0],[0.9 0.  0.  0.  0.  0.  0.  0.  0.  0. ]
79,0,-0.20999999999999996,-13.659073640008387,[ 0 10 20 30 40 50 60 70 80 90],[30 30 30 30 30 30 30 30 30 30],[27  0  0  0  0  0  0  0  0  0],[0.9 0.  0.  0.  0.  0.  0.  0.  0.  0. ]
80,0,-0.19999999999999996,-13.961256167590726,[ 0 10 20 30 40 50 60 70 80 90],[30 30 30 30 30 30 30 30 30 30],[27  0  0  0  0  0  0  0  0  0],[0.9 0.  0.  0.  0.  0.  0.  0.  0.  0. ]
81,0,-0.18999999999999995,-14.269704800086894,[ 0 10 20 30 40 50 60 70 80 90],[30 30 30 30 30 30 30 30 30 30],[27  0  0  0  0  0  0  0  0  0],[0.9 0.  0.  0.  0.  0.  0.  0.  0.  0. ]
82,0,-0.17999999999999994,-14.584514185599136,[ 0 10 20 30 40 50 60 70 80 90],[30 30 30 30 30 30 30 30 30 30],[27  0  0  0  0  0  0  0  0  0],[0.9 0.  0.  0.  0.  0.  0.  0.  0.  0. ]
83,0,-0.16999999999999993,-14.905766533740596,[ 0 10 20 30 40 50 60 70 80 90],[30 30 30 30 30 30 30 30 30 30],[27  0  0  0  0  0  0  0  0  0],[0.9 0.  0.  0.  0.  0.  0.  0.  0.  0. ]
84,0,-0.16000000000000003,-15.233532328823964,[ 0 10 20 30 40 50 60 70 80 90],[30 30 30 30 30 30 30 30 30 30],[27  0  0  0  0  0  0  0  0  0],[0.9 0.  0.  0.  0.  0.  0.  0.  0.  0. ]
85,0,-0.15000000000000002,-15.567871097289155,[ 0 10 20 30 40 50 60 70 80 90],[30 30 30 30 30 30 30 30 30 30],[27  0  0  0  0  0  0  0  0  0],[0.9 0.  0.  0.  0.  0.  0.  0.  0.  0. ]
86,0,-0.14,-15.908832203963263,[ 0 10 20 30 40 50 60 70 80 90],[30 30 30 30 30 30 30 30 30 30],[27  0  0  0  0  0  0  0  0  0],[0.9 0.  0.  0.  0.  0.  0.  0.  0.  0. ]
87,0,-0.13,-16.256455657150802,[ 0 10 20 30 40 50 60 70 80 90],[30 30 30 30 30 30 30 30 30 30],[27  0  0  0  0  0  0  0  0  0],[0.9 0.  0.  0.  0.  0.  0.  0.  0.  0. ]
88,0,-0.12,-16.61077290720597,[ 0 10 20 30 40 50 60 70 80 90],[30 30 30 30 30 30 30 30 30 30],[27  0  0  0  0  0  0  0  0  0],[0.9 0.  0.  0.  0.  0.  0.  0.  0.  0. ]
89,0,-0.10999999999999999,-16.971807627130826,[ 0 10 20 30 40 50 60 70 80 90],[30 30 30 30 30 30 30 30 30 30],[27  0  0  0  0  0  0  0  0  0],[0.9 0.  0.  0.  0.  0.  0.  0.  0.  0. ]
90,0,-0.09999999999999998,-17.339576466892744,[ 0 10 20 30 40 50 60 70 80 90],[30 30 30 30 30 30 30 30 30 30],[27  0  0  0  0  0  0  0  0  0],[0.9 0.  0.  0.  0.  0.  0.  0.  0.  0. ]
91,0,-0.08999999999999997,-17.714089775623403,[ 0 10 20 30 40 50 60 70 80 90],[30 30 30 30 30 30 30 30 30 30],[27  0  0  0  0  0  0  0  0  0],[0.9 0.  0.  0.  0.  0.  0.  0.  0.  0. ]
92,0,-0.07999999999999996,-18.09535228770959,[ 0 10 20 30 40 50 60 70 80 90],[30 30 30 30 30 30 30 30 30 30],[27  0  0  0  0  0  0  0  0  0],[0.9 0.  0.  0.  0.  0.  0.  0.  0.  0. ]
93,0,-0.06999999999999995,-18.483363770096734,[ 0 10 20 30 40 50 60 70 80 90],[30 30 30 30 30 30 30 30 30 30],[27  0  0  0  0  0  0  0  0  0],[0.9 0.  0.  0.  0.  0.  0.  0.  0.  0. ]
94,0,-0.05999999999999994,-18.87811962896872,[ 0 10 20 30 40 50 60 70 80 90],[30 30 30 30 30 30 30 30 30 30],[27  0  0  0  0  0  0  0  0  0],[0.9 0.  0.  0.  0.  0.  0.  0.  0.  0. ]
95,0,-0.04999999999999993,-19.27961147442218,[ 0 10 20 30 40 50 60 70 80 90],[30 30 30 30 30 30 30 30 30 30],[27  0  0  0  0  0  0  0  0  0],[0.9 0.  0.  0.  0.  0.  0.  0.  0.  0. ]
96,0,-0.040000000000000036,-19.687827641887317,[ 0 10 20 30 40 50 60 70 80 90],[30 30 30 30 30 30 30 30 30 30],[27  0  0  0  0  0  0  0  0  0],[0.9 0.  0.  0.  0.  0.  0.  0.  0.  0. ]
97,0,-0.030000000000000027,-20.102753668930223,[ 0 10 20 30 40 50 60 70 80 90],[30 30 30 30 30 30 30 30 30 30],[27  0  0  0  0  0  0  0  0  0],[0.9 0.  0.  0.  0.  0.  0.  0.  0.  0. ]
98,0,-0.020000000000000018,-20.52437272576239,[ 0 10 20 30 40 50 60 70 80 90],[30 30 30 30 30 30 30 30 30 30],[27  0  0  0  0  0  0  0  0  0],[0.9 0.  0.  0.  0.  0.  0.  0.  0.  0. ]
99,0,-0.010000000000000009,-20.952665997339274,[ 0 10 20 30 40 50 60 70 80 90],[30 30 30 30 30 30 30 30 30 30],[27  0  0  0  0  0  0  0  0  0],[0.9 0.  0.  0.  0.  0.  0.  0.  0.  0. ]
100,0,0.0,-21.38761301439987,[ 0 10 20 30 40 50 60 70 80 90],[30 30 30 30 30 30 30 30 30 30],[27  0  0  0  0  0  0  0  0  0],[0.9 0.  0.  0.  0.  0.  0.  0.  0.  0. ]
101,0,0.03,-22.732152433572153,[ 0 10 20 30 40 50 60 70 80 90],[30 30 30 30 30 30 30 30 30 30],[27  0  0  0  0  0  0  0  0  0],[0.9 0.  0.  0.  0.  0.  0.  0.  0.  0. ]
102,0,0.06,-24.135726057928345,[ 0 10 20 30 40 50 60 70 80 90],[30 30 30 30 30 30 30 30 30 30],[27  0  0  0  0  0  0  0  0  0],[0.9 0.  0.  0.  0.  0.  0.  0.  0.  0. ]
103,0,0.09,-25.597606774112002,[ 0 10 20 30 40 50 60 70 80 90],[30 30 30 30 30 30 30 30 30 30],[27  0  0  0  0  0  0  0  0  0],[0.9 0.  0.  0.  0.  0.  0.  0.  0.  0. ]
104,0,0.12,-27.1169474309831,[ 0 10 20 30 40 50 60 70 80 90],[30 30 30 30 30 30 30 30 30 30],[27  0  0  0  0  0  0  0  0  0],[0.9 0.  0.  0.  0.  0.  0.  0.  0.  0. ]
105,0,0.15,-28.692667810465423,[ 0 10 20 30 40 50 60 70 80 90],[30 30 30 30 30 30 30 30 30 30],[27  0  0  0  0  0  0  0  0  0],[0.9 0.  0.  0.  0.  0.  0.  0.  0.  0. ]
106,0,0.18,-30.323243124942376,[ 0 10 20 30 40 50 60 70 80 90],[30 30 30 30 30 30 30 30 30 30],[27  0  0  0  0  0  0  0  0  0],[0.9 0.  0.  0.  0.  0.  0.  0.  0.  0. ]
107,0,0.21,-32.00634902056828,[ 0 10 20 30 40 50 60 70 80 90],[30 30 30 30 30 30 30 30 30 30],[27  0  0  0  0  0  0  0  0  0],[0.9 0.  0.  0.  0.  0.  0.  0.  0.  0. ]
108,0,0.24,-33.73826578768894,[ 0 10 20 30 40 50 60 70 80 90],[30 30 30 30 30 30 30 30 30 30],[27  0  0  0  0  0  0  0  0  0],[0.9 0.  0.  0.  0.  0.  0.  0.  0.  0. ]
109,0,0.27,-35.512820492706396,[ 0 10 20 30 40 50 60 70 80 90],[30 30 30 30 30 30 30 30 30 30],[27  0  0  0  0  0  0  0  0  0],[0.9 0.  0.  0.  0.  0.  0.  0.  0.  0. ]
110,0,0.3,-37.31937553704616,[ 0 10 20 30 40 50 60 70 80 90],[30 30 30 30 30 30 30 30 30 30],[27  0  0  0  0  0  0  0  0  0],[0.9 0.  0.  0.  0.  0.  0.  0.  0.  0. ]
111,0,0.32999999999999996,-39.138900525372584,[ 0 10 20 30 40 50 60 70 80 90],[30 30 30 30 30 30 30 30 30 30],[27  0  0  0  0  0  0  0  0  0],[0.9 0.  0.  0.  0.  0.  0.  0.  0.  0. ]
112,0,0.36,-40.93696592869764,[ 0 10 20 30 40 50 60 70 80 90],[30 30 30 30 30 30 30 30 30 30],[27  0  0  0  0  0  0  0  0  0],[0.9 0.  0.  0.  0.  0.  0.  0.  0.  0. ]
113,0,0.39,-42.65559384297221,[ 0 10 20 30 40 50 60 70 80 90],[30 30 30 30 30 30 30 30 30 30],[27  0  0  0  0  0  0  0  0  0],[0.9 0.  0.  0.  0.  0.  0.  0.  0.  0. ]
114,0,0.42,-44.218456289716705,[ 0 10 20 30 40 50 60 70 80 90],[30 30 30 30 30 30 30 30 30 30],[27  0  0  0  0  0  0  0  0  0],[0.9 0.  0.  0.  0.  0.  0.  0.  0.  0. ]
115,0,0.44999999999999996,-45.570437976904124,[ 0 10 20 30 40 50 60 70 80 90],[30 30 30 30 30 30 30 30 30 30],[27  0  0  0  0  0  0  0  0  0],[0.9 0.  0.  0.  0.  0.  0.  0.  0.  0. ]
116,0,0.48,-46.71951995213192,[ 0 10 20 30 40 50 60 70 80 90],[30 30 30 30 30 30 30 30 30 30],[27  0  0  0  0  0  0  0  0  0],[0.9 0.  0.  0.  0.  0.  0.  0.  0.  0. ]
117,0,0.51,-47.71666262478896,[ 0 10 20 30 40 50 60 70 80 90],[30 30 30 30 30 30 30 30 30 30],[27  0  0  0  0  0  0  0  0  0],[0.9 0.  0.  0.  0.  0.  0.  0.  0.  0. ]
118,0,0.54,-48.6093436914008,[ 0 10 20 30 40 50 60 70 80 90],[30 30 30 30 30 30 30 30 30 30],[27  0  0  0  0  0  0  0  0  0],[0.9 0.  0.  0.  0.  0.  0.  0.  0.  0. ]
119,0,0.57,-49.42589135344736,[ 0 10 20 30 40 50 60 70 80 90],[30 30 30 30 30 30 30 30 30 30],[27  0  0  0  0  0  0  0  0  0],[0.9 0.  0.  0.  0.  0.  0.  0.  0.  0. ]
120,0,0.6,-50.18102763691953,[ 0 10 20 30 40 50 60 70 80 90],[30 30 30 30 30 30 30 30 30 30],[27  0  0  0  0  0  0  0  0  0],[0.9 0.  0.  0.  0.  0.  0.  0.  0.  0. ]
121,0,0.63,-50.88291490057304,[ 0 10 20 30 40 50 60 70 80 90],[30 30 30 30 30 30 30 30 30 30],[27  0  0  0  0  0  0  0  0  0],[0.9 0.  0.  0.  0.  0.  0.  0.  0.  0. ]
122,0,0.6599999999999999,-51.536960441933125,[ 0 10 20 30 40 50 60 70 80 90],[30 30 30 30 30 30 30 30 30 30],[27  0  0  0  0  0  0  0  0  0],[0.9 0.  0.  0.  0.  0.  0.  0.  0.  0. ]
123,0,0.69,-52.14739147409825,[ 0 10 20 30 40 50 60 70 80 90],[30 30 30 30 30 30 30 30 30 30],[27  0  0  0  0  0  0  0  0  0],[0.9 0.  0.  0.  0.  0.  0.  0.  0.  0. ]
124,0,0.72,-52.71783121918295,[ 0 10 20 30 40 50 60 70 80 90],[30 30 30 30 30 30 30 30 30 30],[27  0  0  0  0  0  0  0  0  0],[0.9 0.  0.  0.  0.  0.  0.  0.  0.  0. ]
125,0,0.75,-53.25150331850627,[ 0 10 20 30 40 50 60 70 80 90],[30 30 30 30 30 30 30 30 30 30],[27  0  0  0  0  0  0  0  0  0],[0.9 0.  0.  0.  0.  0.  0.  0.  0.  0. ]
126,0,0.78,-53.751313913290886,[ 0 10 20 30 40 50 60 70 80 90],[30 30 30 30 30 30 30 30 30 30],[27  0  0  0  0  0  0  0  0  0],[0.9 0.  0.  0.  0.  0.  0.  0.  0.  0. ]
127,0,0.8099999999999999,-54.219897170971464,[ 0 10 20 30 40 50 60 70 80 90],[30 30 30 30 30 30 30 30 30 30],[27  0  0  0  0  0  0  0  0  0],[0.9 0.  0.  0.  0.  0.  0.  0.  0.  0. ]
128,0,0.84,-54.65965011168414,[ 0 10 20 30 40 50 60 70 80 90],[30 30 30 30 30 30 30 30 30 30],[27  0  0  0  0  0  0  0  0  0],[0.9 0.  0.  0.  0.  0.  0.  0.  0.  0. ]
129,0,0.87,-55.07276321362067,[ 0 10 20 30 40 50 60 70 80 90],[30 30 30 30 30 30 30 30 30 30],[27  0  0  0  0  0  0  0  0  0],[0.9 0.  0.  0.  0.  0.  0.  0.  0.  0. ]
130,0,0.8999999999999999,-55.46124782123576,[ 0 10 20 30 40 50 60 70 80 90],[30 30 30 30 30 30 30 30 30 30],[27  0  0  0  0  0  0  0  0  0],[0.9 0.  0.  0.  0.  0.  0.  0.  0.  0. ]
131,0,0.9299999999999999,-55.82696018329941,[ 0 10 20 30 40 50 60 70 80 90],[30 30 30 30 30 30 30 30 30 30],[27  0  0  0  0  0  0  0  0  0],[0.9 0.  0.  0.  0.  0.  0.  0.  0.  0. ]
132,0,0.96,-56.1716218865166,[ 0 10 20 30 40 50 60 70 80 90],[30 30 30 30 30 30 30 30 30 30],[27  0  0  0  0  0  0  0  0  0],[0.9 0.  0.  0.  0.  0.  0.  0.  0.  0. ]
133,0,0.99,-56.49683663040415,[ 0 10 20 30 40 50 60 70 80 90],[30 30 30 30 30 30 30 30 30 30],[27  0  0  0  0  0  0  0  0  0],[0.9 0.  0.  0.  0.  0.  0.  0.  0.  0. ]
134,0,1.02,-56.804103489072766,[ 0 10 20 30 40 50 60 70 80 90],[30 30 30 30 30 30 30 30 30 30],[27  0  0  0  0  0  0  0  0  0],[0.9 0.  0.  0.  0.  0.  0.  0.  0.  0. ]
135,0,1.05,-57.09482697847628,[ 0 10 20 30 40 50 60 70 80 90],[30 30 30 30 30 30 30 30 30 30],[27  0  0  0  0  0  0  0  0  0],[0.9 0.  0.  0.  0.  0.  0.  0.  0.  0. ]
136,0,1.08,-57.37032438107546,[ 0 10 20 30 40 50 60 70 80 90],[30 30 30 30 30 30 30 30 30 30],[27  0  0  0  0  0  0  0  0  0],[0.9 0.  0.  0.  0.  0.  0.  0.  0.  0. ]
137,0,1.1099999999999999,-57.63183086584249,[ 0 10 20 30 40 50 60 70 80 90],[30 30 30 30 30 30 30 30 30 30],[27  0  0  0  0  0  0  0  0  0],[0.9 0.  0.  0.  0.  0.  0.  0.  0.  0. ]
138,0,1.14,-57.88050297533124,[ 0 10 20 30 40 50 60 70 80 90],[30 30 30 30 30 30 30 30 30 30],[27  0  0  0  0  0  0  0  0  0],[0.9 0.  0.  0.  0.  0.  0.  0.  0.  0. ]
139,0,1.17,-58.11742103424034,[ 0 10 20 30 40 50 60 70 80 90],[30 30 30 30 30 30 30 30 30 30],[27  0  0  0  0  0  0  0  0  0],[0.9 0.  0.  0.  0.  0.  0.  0.  0.  0. ]
140,0,1.2,-58.34359097333544,[ 0 10 20 30 40 50 60 70 80 90],[30 30 30 30 30 30 30 30 30 30],[27  0  0  0  0  0  0  0  0  0],[0.9 0.  0.  0.  0.  0.  0.  0.  0.  0. ]
141,0,1.23,-58.559945971801895,[ 0 10 20 30 40 50 60 70 80 90],[30 30 30 30 30 30 30 30 30 30],[27  0  0  0  0  0  0  0  0  0],[0.9 0.  0.  0.  0.  0.  0.  0.  0.  0. ]
142,0,1.26,-58.76734821534298,[ 0 10 20 30 40 50 60 70 80 90],[30 30 30 30 30 30 30 30 30 30],[27  0  0  0  0  0  0  0  0  0],[0.9 0.  0.  0.  0.  0.  0.  0.  0.  0. ]
143,0,1.29,-58.96659096105053,[ 0 10 20 30 40 50 60 70 80 90],[30 30 30 30 30 30 30 30 30 30],[27  0  0  0  0  0  0  0  0  0],[0.9 0.  0.  0.  0.  0.  0.  0.  0.  0. ]
144,0,1.3199999999999998,-59.158401004591184,[ 0 10 20 30 40 50 60 70 80 90],[30 30 30 30 30 30 30 30 30 30],[27  0  0  0  0  0  0  0  0  0],[0.9 0.  0.  0.  0.  0.  0.  0.  0.  0. ]
145,0,1.3499999999999999,-59.34344156769575,[ 0 10 20 30 40 50 60 70 80 90],[30 30 30 30 30 30 30 30 30 30],[27  0  0  0  0  0  0  0  0  0],[0.9 0.  0.  0.  0.  0.  0.  0.  0.  0. ]
146,0,1.38,-59.52231556728397,[ 0 10 20 30 40 50 60 70 80 90],[30 30 30 30 30 30 30 30 30 30],[27  0  0  0  0  0  0  0  0  0],[0.9 0.  0.  0.  0.  0.  0.  0.  0.  0. ]
147,0,1.41,-59.69556919137732,[ 0 10 20 30 40 50 60 70 80 90],[30 30 30 30 30 30 30 30 30 30],[27  0  0  0  0  0  0  0  0  0],[0.9 0.  0.  0.  0.  0.  0.  0.  0.  0. ]
148,0,1.44,-59.863695688561975,[ 0 10 20 30 40 50 60 70 80 90],[30 30 30 30 30 30 30 30 30 30],[27  0  0  0  0  0  0  0  0  0],[0.9 0.  0.  0.  0.  0.  0.  0.  0.  0. ]
149,0,1.47,-60.02713927333416,[ 0 10 20 30 40 50 60 70 80 90],[30 30 30 30 30 30 30 30 30 30],[27  0  0  0  0  0  0  0  0  0],[0.9 0.  0.  0.  0.  0.  0.  0.  0.  0. ]
150,0,1.5,-60.18629905509961,[ 0 10 20 30 40 50 60 70 80 90],[30 30 30 30 30 30 30 30 30 30],[27  0  0  0  0  0  0  0  0  0],[0.9 0.  0.  0.  0.  0.  0.  0.  0.  0. ]
151,0,1.53,-60.34153291019038,[ 0 10 20 30 40 50 60 70 80 90],[30 30 30 30 30 30 30 30 30 30],[27  0  0  0  0  0  0  0  0  0],[0.9 0.  0.  0.  0.  0.  0.  0.  0.  0. ]
152,0,1.56,-60.49316123093734,[ 0 10 20 30 40 50 60 70 80 90],[30 30 30 30 30 30 30 30 30 30],[27  0  0  0  0  0  0  0  0  0],[0.9 0.  0.  0.  0.  0.  0.  0.  0.  0. ]
153,0,1.5899999999999999,-60.64147050134039,[ 0 10 20 30 40 50 60 70 80 90],[30 30 30 30 30 30 30 30 30 30],[27  0  0  0  0  0  0  0  0  0],[0.9 0.  0.  0.  0.  0.  0.  0.  0.  0. ]
154,0,1.6199999999999999,-60.786716663660286,[ 0 10 20 30 40 50 60 70 80 90],[30 30 30 30 30 30 30 30 30 30],[27  0  0  0  0  0  0  0  0  0],[0.9 0.  0.  0.  0.  0.  0.  0.  0.  0. ]
155,0,1.65,-60.929128253409914,[ 0 10 20 30 40 50 60 70 80 90],[30 30 30 30 30 30 30 30 30 30],[27  0  0  0  0  0  0  0  0  0],[0.9 0.  0.  0.  0.  0.  0.  0.  0.  0. ]
156,0,1.68,-61.068909291297146,[ 0 10 20 30 40 50 60 70 80 90],[30 30 30 30 30 30 30 30 30 30],[27  0  0  0  0  0  0  0  0  0],[0.9 0.  0.  0.  0.  0.  0.  0.  0.  0. ]
157,0,1.71,-61.20624192957203,[ 0 10 20 30 40 50 60 70 80 90],[30 30 30 30 30 30 30 30 30 30],[27  0  0  0  0  0  0  0  0  0],[0.9 0.  0.  0.  0.  0.  0.  0.  0.  0. ]
158,0,1.74,-61.34128885704392,[ 0 10 20 30 40 50 60 70 80 90],[30 30 30 30 30 30 30 30 30 30],[27  0  0  0  0  0  0  0  0  0],[0.9 0.  0.  0.  0.  0.  0.  0.  0.  0. ]
159,0,1.77,-61.47419547200734,[ 0 10 20 30 40 50 60 70 80 90],[30 30 30 30 30 30 30 30 30 30],[27  0  0  0  0  0  0  0  0  0],[0.9 0.  0.  0.  0.  0.  0.  0.  0.  0. ]
160,0,1.7999999999999998,-61.60509183570738,[ 0 10 20 30 40 50 60 70 80 90],[30 30 30 30 30 30 30 30 30 30],[27  0  0  0  0  0  0  0  0  0],[0.9 0.  0.  0.  0.  0.  0.  0.  0.  0. ]
161,0,1.8299999999999998,-61.73409442110069,[ 0 10 20 30 40 50 60 70 80 90],[30 30 30 30 30 30 30 30 30 30],[27  0  0  0  0  0  0  0  0  0],[0.9 0.  0.  0.  0.  0.  0.  0.  0.  0. ]
162,0,1.8599999999999999,-61.8613076727762,[ 0 10 20 30 40 50 60 70 80 90],[30 30 30 30 30 30 30 30 30 30],[27  0  0  0  0  0  0  0  0  0],[0.9 0.  0.  0.  0.  0.  0.  0.  0.  0. ]
163,0,1.89,-61.98682539425551,[ 0 10 20 30 40 50 60 70 80 90],[30 30 30 30 30 30 30 30 30 30],[27  0  0  0  0  0  0  0  0  0],[0.9 0.  0.  0.  0.  0.  0.  0.  0.  0. ]
164,0,1.92,-62.11073197868174,[ 0 10 20 30 40 50 60 70 80 90],[30 30 30 30 30 30 30 30 30 30],[27  0  0  0  0  0  0  0  0  0],[0.9 0.  0.  0.  0.  0.  0.  0.  0.  0. ]
165,0,1.95,-62.23310349831563,[ 0 10 20 30 40 50 60 70 80 90],[30 30 30 30 30 30 30 30 30 30],[27  0  0  0  0  0  0  0  0  0],[0.9 0.  0.  0.  0.  0.  0.  0.  0.  0. ]
166,0,1.98,-62.35400866739759,[ 0 10 20 30 40 50 60 70 80 90],[30 30 30 30 30 30 30 30 30 30],[27  0  0  0  0  0  0  0  0  0],[0.9 0.  0.  0.  0.  0.  0.  0.  0.  0. ]
167,0,2.01,-62.47350969193625,[ 0 10 20 30 40 50 60 70 80 90],[30 30 30 30 30 30 30 30 30 30],[27  0  0  0  0  0  0  0  0  0],[0.9 0.  0.  0.  0.  0.  0.  0.  0.  0. ]
168,0,2.04,-62.591663018892405,[ 0 10 20 30 40 50 60 70 80 90],[30 30 30 30 30 30 30 30 30 30],[27  0  0  0  0  0  0  0  0  0],[0.9 0.  0.  0.  0.  0.  0.  0.  0.  0. ]
169,0,2.07,-62.70851999613098,[ 0 10 20 30 40 50 60 70 80 90],[30 30 30 30 30 30 30 30 30 30],[27  0  0  0  0  0  0  0  0  0],[0.9 0.  0.  0.  0.  0.  0.  0.  0.  0. ]
170,0,2.1,-62.824127453422236,[ 0 10 20 30 40 50 60 70 80 90],[30 30 30 30 30 30 30 30 30 30],[27  0  0  0  0  0  0  0  0  0],[0.9 0.  0.  0.  0.  0.  0.  0.  0.  0. ]
171,0,2.13,-62.938528213738614,[ 0 10 20 30 40 50 60 70 80 90],[30 30 30 30 30 30 30 30 30 30],[27  0  0  0  0  0  0  0  0  0],[0.9 0.  0.  0.  0.  0.  0.  0.  0.  0. ]
172,0,2.16,-63.05176154311206,[ 0 10 20 30 40 50 60 70 80 90],[30 30 30 30 30 30 30 30 30 30],[27  0  0  0  0  0  0  0  0  0],[0.9 0.  0.  0.  0.  0.  0.  0.  0.  0. ]
173,0,2.19,-63.163863546415314,[ 0 10 20 30 40 50 60 70 80 90],[30 30 30 30 30 30 30 30 30 30],[27  0  0  0  0  0  0  0  0  0],[0.9 0.  0.  0.  0.  0.  0.  0.  0.  0. ]
174,0,2.2199999999999998,-63.27486751559698,[ 0 10 20 30 40 50 60 70 80 90],[30 30 30 30 30 30 30 30 30 30],[27  0  0  0  0  0  0  0  0  0],[0.9 0.  0.  0.  0.  0.  0.  0.  0.  0. ]
175,0,2.25,-63.38480423614983,[ 0 10 20 30 40 50 60 70 80 90],[30 30 30 30 30 30 30 30 30 30],[27  0  0  0  0  0  0  0  0  0],[0.9 0.  0.  0.  0.  0.  0.  0.  0.  0. ]
176,0,2.28,-63.4937022569134,[ 0 10 20 30 40 50 60 70 80 90],[30 30 30 30 30 30 30 30 30 30],[27  0  0  0  0  0  0  0  0  0],[0.9 0.  0.  0.  0.  0.  0.  0.  0.  0. ]
177,0,2.31,-63.601588127700325,[ 0 10 20 30 40 50 60 70 80 90],[30 30 30 30 30 30 30 30 30 30],[27  0  0  0  0  0  0  0  0  0],[0.9 0.  0.  0.  0.  0.  0.  0.  0.  0. ]
178,0,2.34,-63.708486608699495,[ 0 10 20 30 40 50 60 70 80 90],[30 30 30 30 30 30 30 30 30 30],[27  0  0  0  0  0  0  0  0  0],[0.9 0.  0.  0.  0.  0.  0.  0.  0.  0. ]
179,0,2.37,-63.81442085512326,[ 0 10 20 30 40 50 60 70 80 90],[30 30 30 30 30 30 30 30 30 30],[27  0  0  0  0  0  0  0  0  0],[0.9 0.  0.  0.  0.  0.  0.  0.  0.  0. ]
180,0,2.4,-63.9194125801419,[ 0 10 20 30 40 50 60 70 80 90],[30 30 30 30 30 30 30 30 30 30],[27  0  0  0  0  0  0  0  0  0],[0.9 0.  0.  0.  0.  0.  0.  0.  0.  0. ]
181,0,2.4299999999999997,-64.0234821987743,[ 0 10 20 30 40 50 60 70 80 90],[30 30 30 30 30 30 30 30 30 30],[27  0  0  0  0  0  0  0  0  0],[0.9 0.  0.  0.  0.  0.  0.  0.  0.  0. ]
182,0,2.46,-64.12664895506911,[ 0 10 20 30 40 50 60 70 80 90],[30 30 30 30 30 30 30 30 30 30],[27  0  0  0  0  0  0  0  0  0],[0.9 0.  0.  0.  0.  0.  0.  0.  0.  0. ]
183,0,2.4899999999999998,-64.2289310346257,[ 0 10 20 30 40 50 60 70 80 90],[30 30 30 30 30 30 30 30 30 30],[27  0  0  0  0  0  0  0  0  0],[0.9 0.  0.  0.  0.  0.  0.  0.  0.  0. ]
184,0,2.52,-64.33034566424254,[ 0 10 20 30 40 50 60 70 80 90],[30 30 30 30 30 30 30 30 30 30],[27  0  0  0  0  0  0  0  0  0],[0.9 0.  0.  0.  0.  0.  0.  0.  0.  0. ]
185,0,2.55,-64.43090920026162,[ 0 10 20 30 40 50 60 70 80 90],[30 30 30 30 30 30 30 30 30 30],[27  0  0  0  0  0  0  0  0  0],[0.9 0.  0.  0.  0.  0.  0.  0.  0.  0. ]
186,0,2.58,-64.53063720698215,[ 0 10 20 30 40 50 60 70 80 90],[30 30 30 30 30 30 30 30 30 30],[27  0  0  0  0  0  0  0  0  0],[0.9 0.  0.  0.  0.  0.  0.  0.  0.  0. ]
187,0,2.61,-64.62954452634052,[ 0 10 20 30 40 50 60 70 80 90],[30 30 30 30 30 30 30 30 30 30],[27  0  0  0  0  0  0  0  0  0],[0.9 0.  0.  0.  0.  0.  0.  0.  0.  0. ]
188,0,2.6399999999999997,-64.72764533991013,[ 0 10 20 30 40 50 60 70 80 90],[30 30 30 30 30 30 30 30 30 30],[27  0  0  0  0  0  0  0  0  0],[0.9 0.  0.  0.  0.  0.  0.  0.  0.  0. ]
189,0,2.67,-64.82495322413949,[ 0 10 20 30 40 50 60 70 80 90],[30 30 30 30 30 30 30 30 30 30],[27  0  0  0  0  0  0  0  0  0],[0.9 0.  0.  0.  0.  0.  0.  0.  0.  0. ]
190,0,2.6999999999999997,-64.92148119963286,[ 0 10 20 30 40 50 60 70 80 90],[30 30 30 30 30 30 30 30 30 30],[27  0  0  0  0  0  0  0  0  0],[0.9 0.  0.  0.  0.  0.  0.  0.  0.  0. ]
191,0,2.73,-65.01724177518257,[ 0 10 20 30 40 50 60 70 80 90],[30 30 30 30 30 30 30 30 30 30],[27  0  0  0  0  0  0  0  0  0],[0.9 0.  0.  0.  0.  0.  0.  0.  0.  0. ]
192,0,2.76,-65.11224698716583,[ 0 10 20 30 40 50 60 70 80 90],[30 30 30 30 30 30 30 30 30 30],[27  0  0  0  0  0  0  0  0  0],[0.9 0.  0.  0.  0.  0.  0.  0.  0.  0. ]
193,0,2.79,-65.20650843485367,[ 0 10 20 30 40 50 60 70 80 90],[30 30 30 30 30 30 30 30 30 30],[27  0  0  0  0  0  0  0  0  0],[0.9 0.  0.  0.  0.  0.  0.  0.  0.  0. ]
194,0,2.82,-65.30003731210407,[ 0 10 20 30 40 50 60 70 80 90],[30 30 30 30 30 30 30 30 30 30],[27  0  0  0  0  0  0  0  0  0],[0.9 0.  0.  0.  0.  0.  0.  0.  0.  0. ]
195,0,2.85,-65.39284443585619,[ 0 10 20 30 40 50 60 70 80 90],[30 30 30 30 30 30 30 30 30 30],[27  0  0  0  0  0  0  0  0  0],[0.9 0.  0.  0.  0.  0.  0.  0.  0.  0. ]
196,0,2.88,-65.4849402717945,[ 0 10 20 30 40 50 60 70 80 90],[30 30 30 30 30 30 30 30 30 30],[27  0  0  0  0  0  0  0  0  0],[0.9 0.  0.  0.  0.  0.  0.  0.  0.  0. ]
197,0,2.9099999999999997,-65.57633495750339,[ 0 10 20 30 40 50 60 70 80 90],[30 30 30 30 30 30 30 30 30 30],[27  0  0  0  0  0  0  0  0  0],[0.9 0.  0.  0.  0.  0.  0.  0.  0.  0. ]
198,0,2.94,-65.66703832339434,[ 0 10 20 30 40 50 60 70 80 90],[30 30 30 30 30 30 30 30 30 30],[27  0  0  0  0  0  0  0  0  0],[0.9 0.  0.  0.  0.  0.  0.  0.  0.  0. ]
199,0,2.9699999999999998,-65.75705991165665,[ 0 10 20 30 40 50 60 70 80 90],[30 30 30 30 30 30 30 30 30 30],[27  0  0  0  0  0  0  0  0  0],[0.9 0.  0.  0.  0.  0.  0.  0.  0.  0. ]
200,0,3.0,-65.84640899344917,[ 0 10 20 30 40 50 60 70 80 90],[30 30 30 30 30 30 30 30 30 30],[27  0  0  0  0  0  0  0  0  0],[0.9 0.  0.  0.  0.  0.  0.  0.  0.  0. ]
201,1,-1.0,-396.52213671321135,[ 0 10 20 30 40 50 60 70 80 90],[30 30 30 30 30 30 30 30 30 30],[27 30 30 30 30 30 30 30 30 30],[0.9 1.  1.  1.  1.  1.  1.  1.  1.  1. ]
202,1,-0.99,-31.002402076212363,[ 0 10 20 30 40 50 60 70 80 90],[30 30 30 30 30 30 30 30 30 30],[27 30 30 30 30 30 30 30 30 30],[0.9 1.  1.  1.  1.  1.  1.  1.  1.  1. ]
203,1,-0.98,-26.128110263342318,[ 0 10 20 30 40 50 60 70 80 90],[30 30 30 30 30 30 30 30 30 30],[27 30 30 30 30 30 30 30 30 30],[0.9 1.  1.  1.  1.  1.  1.  1.  1.  1. ]
204,1,-0.97,-22.19930364325429,[ 0 10 20 30 40 50 60 70 80 90],[30 30 30 30 30 30 30 30 30 30],[27 30 30 30 30 30 30 30 30 30],[0.9 1.  1.  1.  1.  1.  1.  1.  1.  1. ]
205,1,-0.96,-19.751550206989744,[ 0 10 20 30 40 50 60 70 80 90],[30 30 30 30 30 30 30 30 30 30],[27 30 30 30 30 30 30 30 30 30],[0.9 1.  1.  1.  1.  1.  1.  1.  1.  1. ]
206,1,-0.95,-18.077013724462823,[ 0 10 20 30 40 50 60 70 80 90],[30 30 30 30 30 30 30 30 30 30],[27 30 30 30 30 30 30 30 30 30],[0.9 1.  1.  1.  1.  1.  1.  1.  1.  1. ]
207,1,-0.94,-16.855087035579924,[ 0 10 20 30 40 50 60 70 80 90],[30 30 30 30 30 30 30 30 30 30],[27 30 30 30 30 30 30 30 30 30],[0.9 1.  1.  1.  1.  1.  1.  1.  1.  1. ]
208,1,-0.9299999999999999,-15.920739229512408,[ 0 10 20 30 40 50 60 70 80 90],[30 30 30 30 30 30 30 30 30 30],[27 30 30 30 30 30 30 30 30 30],[0.9 1.  1.  1.  1.  1.  1.  1.  1.  1. ]
209,1,-0.92,-15.180582449697026,[ 0 10 20 30 40 50 60 70 80 90],[30 30 30 30 30 30 30 30 30 30],[27 30 30 30 30 30 30 30 30 30],[0.9 1.  1.  1.  1.  1.  1.  1.  1.  1. ]
210,1,-0.91,-14.577851959677135,[ 0 10 20 30 40 50 60 70 80 90],[30 30 30 30 30 30 30 30 30 30],[27 30 30 30 30 30 30 30 30 30],[0.9 1.  1.  1.  1.  1.  1.  1.  1.  1. ]
211,1,-0.9,-14.076000513685942,[ 0 10 20 30 40 50 60 70 80 90],[30 30 30 30 30 30 30 30 30 30],[27 30 30 30 30 30 30 30 30 30],[0.9 1.  1.  1.  1.  1.  1.  1.  1.  1. ]
212,1,-0.89,-13.650346429846971,[ 0 10 20 30 40 50 60 70 80 90],[30 30 30 30 30 30 30 30 30 30],[27 30 30 30 30 30 30 30 30 30],[0.9 1.  1.  1.  1.  1.  1.  1.  1.  1. ]
213,1,-0.88,-13.2835674667614,[ 0 10 20 30 40 50 60 70 80 90],[30 30 30 30 30 30 30 30 30 30],[27 30 30 30 30 30 30 30 30 30],[0.9 1.  1.  1.  1.  1.  1.  1.  1.  1. ]
214,1,-0.87,-12.963150372918703,[ 0 10 20 30 40 50 60 70 80 90],[30 30 30 30 30 30 30 30 30 30],[27 30 30 30 30 30 30 30 30 30],[0.9 1.  1.  1.  1.  1.  1.  1.  1.  1. ]
215,1,-0.86,-12.679864150100668,[ 0 10 20 30 40 50 60 70 80 90],[30 30 30 30 30 30 30 30 30 30],[27 30 30 30 30 30 30 30 30 30],[0.9 1.  1.  1.  1.  1.  1.  1.  1.  1. ]
216,1,-0.85,-12.42678425630046,[ 0 10 20 30 40 50 60 70 80 90],[30 30 30 30 30 30 30 30 30 30],[27 30 30 30 30 30 30 30 30 30],[0.9 1.  1.  1.  1.  1.  1.  1.  1.  1. ]
217,1,-0.84,-12.198632264257323,[ 0 10 20 30 40 50 60 70 80 90],[30 30 30 30 30 30 30 30 30 30],[27 30 30 30 30 30 30 30 30 30],[0.9 1.  1.  1.  1.  1.  1.  1.  1.  1. ]
218,1,-0.83,-11.99131357691034,[ 0 10 20 30 40 50 60 70 80 90],[30 30 30 30 30 30 30 30 30 30],[27 30 30 30 30 30 30 30 30 30],[0.9 1.  1.  1.  1.  1.  1.  1.  1.  1. ]
219,1,-0.8200000000000001,-11.801590592970278,[ 0 10 20 30 40 50 60 70 80 90],[30 30 30 30 30 30 30 30 30 30],[27 30 30 30 30 30 30 30 30 30],[0.9 1.  1.  1.  1.  1.  1.  1.  1.  1. ]
220,1,-0.81,-11.626853702652738,[ 0 10 20 30 40 50 60 70 80 90],[30 30 30 30 30 30 30 30 30 30],[27 30 30 30 30 30 30 30 30 30],[0.9 1.  1.  1.  1.  1.  1.  1.  1.  1. ]
221,1,-0.8,-11.464964025199995,[ 0 10 20 30 40 50 60 70 80 90],[30 30 30 30 30 30 30 30 30 30],[27 30 30 30 30 30 30 30 30 30],[0.9 1.  1.  1.  1.  1.  1.  1.  1.  1. ]
222,1,-0.79,-11.314147057184373,[ 0 10 20 30 40 50 60 70 80 90],[30 30 30 30 30 30 30 30 30 30],[27 30 30 30 30 30 30 30 30 30],[0.9 1.  1.  1.  1.  1.  1.  1.  1.  1. ]
223,1,-0.78,-11.17291966748646,[ 0 10 20 30 40 50 60 70 80 90],[30 30 30 30 30 30 30 30 30 30],[27 30 30 30 30 30 30 30 30 30],[0.9 1.  1.  1.  1.  1.  1.  1.  1.  1. ]
224,1,-0.77,-11.040036611378909,[ 0 10 20 30 40 50 60 70 80 90],[30 30 30 30 30 30 30 30 30 30],[27 30 30 30 30 30 30 30 30 30],[0.9 1.  1.  1.  1.  1.  1.  1.  1.  1. ]
225,1,-0.76,-10.914447289718023,[ 0 10 20 30 40 50 60 70 80 90],[30 30 30 30 30 30 30 30 30 30],[27 30 30 30 30 30 30 30 30 30],[0.9 1.  1.  1.  1.  1.  1.  1.  1.  1. ]
226,1,-0.75,-10.795258316818316,[ 0 10 20 30 40 50 60 70 80 90],[30 30 30 30 30 30 30 30 30 30],[27 30 30 30 30 30 30 30 30 30],[0.9 1.  1.  1.  1.  1.  1.  1.  1.  1. ]
227,1,-0.74,-10.681701685716405,[ 0 10 20 30 40 50 60 70 80 90],[30 30 30 30 30 30 30 30 30 30],[27 30 30 30 30 30 30 30 30 30],[0.9 1.  1.  1.  1.  1.  1.  1.  1.  1. ]
228,1,-0.73,-10.573110269669744,[ 0 10 20 30 40 50 60 70 80 90],[30 30 30 30 30 30 30 30 30 30],[27 30 30 30 30 30 30 30 30 30],[0.9 1.  1.  1.  1.  1.  1.  1.  1.  1. ]
229,1,-0.72,-10.46890120123733,[ 0 10 20 30 40 50 60 70 80 90],[30 30 30 30 30 30 30 30 30 30],[27 30 30 30 30 30 30 30 30 30],[0.9 1.  1.  1.  1.  1.  1.  1.  1.  1. ]
230,1,-0.71,-10.368564745644882,[ 0 10 20 30 40 50 60 70 80 90],[30 30 30 30 30 30 30 30 30 30],[27 30 30 30 30 30 30 30 30 30],[0.9 1.  1.  1.  1.  1.  1.  1.  1.  1. ]
231,1,-0.7,-10.27165420882057,[ 0 10 20 30 40 50 60 70 80 90],[30 30 30 30 30 30 30 30 30 30],[27 30 30 30 30 30 30 30 30 30],[0.9 1.  1.  1.  1.  1.  1.  1.  1.  1. ]
232,1,-0.69,-10.177774072958353,[ 0 10 20 30 40 50 60 70 80 90],[30 30 30 30 30 30 30 30 30 30],[27 30 30 30 30 30 30 30 30 30],[0.9 1.  1.  1.  1.  1.  1.  1.  1.  1. ]
233,1,-0.6799999999999999,-10.086568623445979,[ 0 10 20 30 40 50 60 70 80 90],[30 30 30 30 30 30 30 30 30 30],[27 30 30 30 30 30 30 30 30 30],[0.9 1.  1.  1.  1.  1.  1.  1.  1.  1. ]
234,1,-0.6699999999999999,-9.99771549555159,[ 0 10 20 30 40 50 60 70 80 90],[30 30 30 30 30 30 30 30 30 30],[27 30 30 30 30 30 30 30 30 30],[0.9 1.  1.  1.  1.  1.  1.  1.  1.  1. ]
235,1,-0.6599999999999999,-9.910923872303286,[ 0 10 20 30 40 50 60 70 80 90],[30 30 30 30 30 30 30 30 30 30],[27 30 30 30 30 30 30 30 30 30],[0.9 1.  1.  1.  1.  1.  1.  1.  1.  1. ]
236,1,-0.6499999999999999,-9.825930502839995,[ 0 10 20 30 40 50 60 70 80 90],[30 30 30 30 30 30 30 30 30 30],[27 30 30 30 30 30 30 30 30 30],[0.9 1.  1.  1.  1.  1.  1.  1.  1.  1. ]
237,1,-0.64,-9.742490906325763,[ 0 10 20 30 40 50 60 70 80 90],[30 30 30 30 30 30 30 30 30 30],[27 30 30 30 30 30 30 30 30 30],[0.9 1.  1.  1.  1.  1.  1.  1.  1.  1. ]
238,1,-0.63,-9.66037474400335,[ 0 10 20 30 40 50 60 70 80 90],[30 30 30 30 30 30 30 30 30 30],[27 30 30 30 30 30 30 30 30 30],[0.9 1.  1.  1.  1.  1.  1.  1.  1.  1. ]
239,1,-0.62,-9.579368273019412,[ 0 10 20 30 40 50 60 70 80 90],[30 30 30 30 30 30 30 30 30 30],[27 30 30 30 30 30 30 30 30 30],[0.9 1.  1.  1.  1.  1.  1.  1.  1.  1. ]
240,1,-0.61,-9.499269127845926,[ 0 10 20 30 40 50 60 70 80 90],[30 30 30 30 30 30 30 30 30 30],[27 30 30 30 30 30 30 30 30 30],[0.9 1.  1.  1.  1.  1.  1.  1.  1.  1. ]
241,1,-0.6,-9.419876658663394,[ 0 10 20 30 40 50 60 70 80 90],[30 30 30 30 30 30 30 30 30 30],[27 30 30 30 30 30 30 30 30 30],[0.9 1.  1.  1.  1.  1.  1.  1.  1.  1. ]
242,1,-0.59,-9.340996268770354,[ 0 10 20 30 40 50 60 70 80 90],[30 30 30 30 30 30 30 30 30 30],[27 30 30 30 30 30 30 30 30 30],[0.9 1.  1.  1.  1.  1.  1.  1.  1.  1. ]
243,1,-0.5800000000000001,-9.262429806063443,[ 0 10 20 30 40 50 60 70 80 90],[30 30 30 30 30 30 30 30 30 30],[27 30 30 30 30 30 30 30 30 30],[0.9 1.  1.  1.  1.  1.  1.  1.  1.  1. ]
244,1,-0.5700000000000001,-9.183963731742539,[ 0 10 20 30 40 50 60 70 80 90],[30 30 30 30 30 30 30 30 30 30],[27 30 30 30 30 30 30 30 30 30],[0.9 1.  1.  1.  1.  1.  1.  1.  1.  1. ]
245,1,-0.56,-9.105363513483265,[ 0 10 20 30 40 50 60 70 80 90],[30 30 30 30 30 30 30 30 30 30],[27 30 30 30 30 30 30 30 30 30],[0.9 1.  1.  1.  1.  1.  1.  1.  1.  1. ]
246,1,-0.55,-9.026340938832423,[ 0 10 20 30 40 50 60 70 80 90],[30 30 30 30 30 30 30 30 30 30],[27 30 30 30 30 30 30 30 30 30],[0.9 1.  1.  1.  1.  1.  1.  1.  1.  1. ]
247,1,-0.54,-8.946567031543282,[ 0 10 20 30 40 50 60 70 80 90],[30 30 30 30 30 30 30 30 30 30],[27 30 30 30 30 30 30 30 30 30],[0.9 1.  1.  1.  1.  1.  1.  1.  1.  1. ]
248,1,-0.53,-8.865821180835182,[ 0 10 20 30 40 50 60 70 80 90],[30 30 30 30 30 30 30 30 30 30],[27 30 30 30 30 30 30 30 30 30],[0.9 1.  1.  1.  1.  1.  1.  1.  1.  1. ]
249,1,-0.52,-8.784008116049977,[ 0 10 20 30 40 50 60 70 80 90],[30 30 30 30 30 30 30 30 30 30],[27 30 30 30 30 30 30 30 30 30],[0.9 1.  1.  1.  1.  1.  1.  1.  1.  1. ]
250,1,-0.51,-8.699714293412349,[ 0 10 20 30 40 50 60 70 80 90],[30 30 30 30 30 30 30 30 30 30],[27 30 30 30 30 30 30 30 30 30],[0.9 1.  1.  1.  1.  1.  1.  1.  1.  1. ]
251,1,-0.5,-8.610090188303143,[ 0 10 20 30 40 50 60 70 80 90],[30 30 30 30 30 30 30 30 30 30],[27 30 30 30 30 30 30 30 30 30],[0.9 1.  1.  1.  1.  1.  1.  1.  1.  1. ]
252,1,-0.49,-8.514286123110947,[ 0 10 20 30 40 50 60 70 80 90],[30 30 30 30 30 30 30 30 30 30],[27 30 30 30 30 30 30 30 30 30],[0.9 1.  1.  1.  1.  1.  1.  1.  1.  1. ]
253,1,-0.48,-8.415393221031842,[ 0 10 20 30 40 50 60 70 80 90],[30 30 30 30 30 30 30 30 30 30],[27 30 30 30 30 30 30 30 30 30],[0.9 1.  1.  1.  1.  1.  1.  1.  1.  1. ]
254,1,-0.47,-8.31816384238605,[ 0 10 20 30 40 50 60 70 80 90],[30 30 30 30 30 30 30 30 30 30],[27 30 30 30 30 30 30 30 30 30],[0.9 1.  1.  1.  1.  1.  1.  1.  1.  1. ]
255,1,-0.45999999999999996,-8.226053467259398,[ 0 10 20 30 40 50 60 70 80 90],[30 30 30 30 30 30 30 30 30 30],[27 30 30 30 30 30 30 30 30 30],[0.9 1.  1.  1.  1.  1.  1.  1.  1.  1. ]
256,1,-0.44999999999999996,-8.14008052669221,[ 0 10 20 30 40 50 60 70 80 90],[30 30 30 30 30 30 30 30 30 30],[27 30 30 30 30 30 30 30 30 30],[0.9 1.  1.  1.  1.  1.  1.  1.  1.  1. ]
257,1,-0.43999999999999995,-8.05943260759958,[ 0 10 20 30 40 50 60 70 80 90],[30 30 30 30 30 30 30 30 30 30],[27 30 30 30 30 30 30 30 30 30],[0.9 1.  1.  1.  1.  1.  1.  1.  1.  1. ]
258,1,-0.42999999999999994,-7.982324240471395,[ 0 10 20 30 40 50 60 70 80 90],[30 30 30 30 30 30 30 30 30 30],[27 30 30 30 30 30 30 30 30 30],[0.9 1.  1.  1.  1.  1.  1.  1.  1.  1. ]
259,1,-0.42000000000000004,-7.9068843949986745,[ 0 10 20 30 40 50 60 70 80 90],[30 30 30 30 30 30 30 30 30 30],[27 30 30 30 30 30 30 30 30 30],[0.9 1.  1.  1.  1.  1.  1.  1.  1.  1. ]
260,1,-0.41000000000000003,-7.831506831381542,[ 0 10 20 30 40 50 60 70 80 90],[30 30 30 30 30 30 30 30 30 30],[27 30 30 30 30 30 30 30 30 30],[0.9 1.  1.  1.  1.  1.  1.  1.  1.  1. ]
261,1,-0.4,-7.7551099012330855,[ 0 10 20 30 40 50 60 70 80 90],[30 30 30 30 30 30 30 30 30 30],[27 30 30 30 30 30 30 30 30 30],[0.9 1.  1.  1.  1.  1.  1.  1.  1.  1. ]
262,1,-0.39,-7.677505960598277,[ 0 10 20 30 40 50 60 70 80 90],[30 30 30 30 30 30 30 30 30 30],[27 30 30 30 30 30 30 30 30 30],[0.9 1.  1.  1.  1.  1.  1.  1.  1.  1. ]
263,1,-0.38,-7.598310118437045,[ 0 10 20 30 40 50 60 70 80 90],[30 30 30 30 30 30 30 30 30 30],[27 30 30 30 30 30 30 30 30 30],[0.9 1.  1.  1.  1.  1.  1.  1.  1.  1. ]
264,1,-0.37,-7.517580670839013,[ 0 10 20 30 40 50 60 70 80 90],[30 30 30 30 30 30 30 30 30 30],[27 30 30 30 30 30 30 30 30 30],[0.9 1.  1.  1.  1.  1.  1.  1.  1.  1. ]
265,1,-0.36,-7.435574050250223,[ 0 10 20 30 40 50 60 70 80 90],[30 30 30 30 30 30 30 30 30 30],[27 30 30 30 30 30 30 30 30 30],[0.9 1.  1.  1.  1.  1.  1.  1.  1.  1. ]
266,1,-0.35,-7.352619541701107,[ 0 10 20 30 40 50 60 70 80 90],[30 30 30 30 30 30 30 30 30 30],[27 30 30 30 30 30 30 30 30 30],[0.9 1.  1.  1.  1.  1.  1.  1.  1.  1. ]
267,1,-0.33999999999999997,-7.269053505610809,[ 0 10 20 30 40 50 60 70 80 90],[30 30 30 30 30 30 30 30 30 30],[27 30 30 30 30 30 30 30 30 30],[0.9 1.  1.  1.  1.  1.  1.  1.  1.  1. ]
268,1,-0.32999999999999996,-7.185187457965714,[ 0 10 20 30 40 50 60 70 80 90],[30 30 30 30 30 30 30 30 30 30],[27 30 30 30 30 30 30 30 30 30],[0.9 1.  1.  1.  1.  1.  1.  1.  1.  1. ]
269,1,-0.31999999999999995,-7.101295876148823,[ 0 10 20 30 40 50 60 70 80 90],[30 30 30 30 30 30 30 30 30 30],[27 30 30 30 30 30 30 30 30 30],[0.9 1.  1.  1.  1.  1.  1.  1.  1.  1. ]
270,1,-0.30999999999999994,-7.017614703525114,[ 0 10 20 30 40 50 60 70 80 90],[30 30 30 30 30 30 30 30 30 30],[27 30 30 30 30 30 30 30 30 30],[0.9 1.  1.  1.  1.  1.  1.  1.  1.  1. ]
271,1,-0.29999999999999993,-6.934344810012428,[ 0 10 20 30 40 50 60 70 80 90],[30 30 30 30 30 30 30 30 30 30],[27 30 30 30 30 30 30 30 30 30],[0.9 1.  1.  1.  1.  1.  1.  1.  1.  1. ]
272,1,-0.29000000000000004,-6.8516570709616325,[ 0 10 20 30 40 50 60 70 80 90],[30 30 30 30 30 30 30 30 30 30],[27 30 30 30 30 30 30 30 30 30],[0.9 1.  1.  1.  1.  1.  1.  1.  1.  1. ]
273,1,-0.28,-6.769697382094149,[ 0 10 20 30 40 50 60 70 80 90],[30 30 30 30 30 30 30 30 30 30],[27 30 30 30 30 30 30 30 30 30],[0.9 1.  1.  1.  1.  1.  1.  1.  1.  1. ]
274,1,-0.27,-6.688590937227767,[ 0 10 20 30 40 50 60 70 80 90],[30 30 30 30 30 30 30 30 30 30],[27 30 30 30 30 30 30 30 30 30],[0.9 1.  1.  1.  1.  1.  1.  1.  1.  1. ]
275,1,-0.26,-6.608445629038495,[ 0 10 20 30 40 50 60 70 80 90],[30 30 30 30 30 30 30 30 30 30],[27 30 30 30 30 30 30 30 30 30],[0.9 1.  1.  1.  1.  1.  1.  1.  1.  1. ]
276,1,-0.25,-6.529354667581274,[ 0 10 20 30 40 50 60 70 80 90],[30 30 30 30 30 30 30 30 30 30],[27 30 30 30 30 30 30 30 30 30],[0.9 1.  1.  1.  1.  1.  1.  1.  1.  1. ]
277,1,-0.24,-6.451398583281475,[ 0 10 20 30 40 50 60 70 80 90],[30 30 30 30 30 30 30 30 30 30],[27 30 30 30 30 30 30 30 30 30],[0.9 1.  1.  1.  1.  1.  1.  1.  1.  1. ]
278,1,-0.22999999999999998,-6.374646777836183,[ 0 10 20 30 40 50 60 70 80 90],[30 30 30 30 30 30 30 30 30 30],[27 30 30 30 30 30 30 30 30 30],[0.9 1.  1.  1.  1.  1.  1.  1.  1.  1. ]
279,1,-0.21999999999999997,-6.299158755965748,[ 0 10 20 30 40 50 60 70 80 90],[30 30 30 30 30 30 30 30 30 30],[27 30 30 30 30 30 30 30 30 30],[0.9 1.  1.  1.  1.  1.  1.  1.  1.  1. ]
280,1,-0.20999999999999996,-6.2249851361237125,[ 0 10 20 30 40 50 60 70 80 90],[30 30 30 30 30 30 30 30 30 30],[27 30 30 30 30 30 30 30 30 30],[0.9 1.  1.  1.  1.  1.  1.  1.  1.  1. ]
281,1,-0.19999999999999996,-6.152168508154468,[ 0 10 20 30 40 50 60 70 80 90],[30 30 30 30 30 30 30 30 30 30],[27 30 30 30 30 30 30 30 30 30],[0.9 1.  1.  1.  1.  1.  1.  1.  1.  1. ]
282,1,-0.18999999999999995,-6.080744182844809,[ 0 10 20 30 40 50 60 70 80 90],[30 30 30 30 30 30 30 30 30 30],[27 30 30 30 30 30 30 30 30 30],[0.9 1.  1.  1.  1.  1.  1.  1.  1.  1. ]
283,1,-0.17999999999999994,-6.010740861927911,[ 0 10 20 30 40 50 60 70 80 90],[30 30 30 30 30 30 30 30 30 30],[27 30 30 30 30 30 30 30 30 30],[0.9 1.  1.  1.  1.  1.  1.  1.  1.  1. ]
284,1,-0.16999999999999993,-5.942181246058249,[ 0 10 20 30 40 50 60 70 80 90],[30 30 30 30 30 30 30 30 30 30],[27 30 30 30 30 30 30 30 30 30],[0.9 1.  1.  1.  1.  1.  1.  1.  1.  1. ]
285,1,-0.16000000000000003,-5.875082591195146,[ 0 10 20 30 40 50 60 70 80 90],[30 30 30 30 30 30 30 30 30 30],[27 30 30 30 30 30 30 30 30 30],[0.9 1.  1.  1.  1.  1.  1.  1.  1.  1. ]
286,1,-0.15000000000000002,-5.80945721953609,[ 0 10 20 30 40 50 60 70 80 90],[30 30 30 30 30 30 30 30 30 30],[27 30 30 30 30 30 30 30 30 30],[0.9 1.  1.  1.  1.  1.  1.  1.  1.  1. ]
287,1,-0.14,-5.745312988710223,[ 0 10 20 30 40 50 60 70 80 90],[30 30 30 30 30 30 30 30 30 30],[27 30 30 30 30 30 30 30 30 30],[0.9 1.  1.  1.  1.  1.  1.  1.  1.  1. ]
288,1,-0.13,-5.682653721744623,[ 0 10 20 30 40 50 60 70 80 90],[30 30 30 30 30 30 30 30 30 30],[27 30 30 30 30 30 30 30 30 30],[0.9 1.  1.  1.  1.  1.  1.  1.  1.  1. ]
289,1,-0.12,-5.621479599816012,[ 0 10 20 30 40 50 60 70 80 90],[30 30 30 30 30 30 30 30 30 30],[27 30 30 30 30 30 30 30 30 30],[0.9 1.  1.  1.  1.  1.  1.  1.  1.  1. ]
290,1,-0.10999999999999999,-5.5617875197806175,[ 0 10 20 30 40 50 60 70 80 90],[30 30 30 30 30 30 30 30 30 30],[27 30 30 30 30 30 30 30 30 30],[0.9 1.  1.  1.  1.  1.  1.  1.  1.  1. ]
291,1,-0.09999999999999998,-5.503571418583209,[ 0 10 20 30 40 50 60 70 80 90],[30 30 30 30 30 30 30 30 30 30],[27 30 30 30 30 30 30 30 30 30],[0.9 1.  1.  1.  1.  1.  1.  1.  1.  1. ]
292,1,-0.08999999999999997,-5.446822566897342,[ 0 10 20 30 40 50 60 70 80 90],[30 30 30 30 30 30 30 30 30 30],[27 30 30 30 30 30 30 30 30 30],[0.9 1.  1.  1.  1.  1.  1.  1.  1.  1. ]
293,1,-0.07999999999999996,-5.391529834500623,[ 0 10 20 30 40 50 60 70 80 90],[30 30 30 30 30 30 30 30 30 30],[27 30 30 30 30 30 30 30 30 30],[0.9 1.  1.  1.  1.  1.  1.  1.  1.  1. ]
294,1,-0.06999999999999995,-5.337679930055876,[ 0 10 20 30 40 50 60 70 80 90],[30 30 30 30 30 30 30 30 30 30],[27 30 30 30 30 30 30 30 30 30],[0.9 1.  1.  1.  1.  1.  1.  1.  1.  1. ]
295,1,-0.05999999999999994,-5.285257617973016,[ 0 10 20 30 40 50 60 70 80 90],[30 30 30 30 30 30 30 30 30 30],[27 30 30 30 30 30 30 30 30 30],[0.9 1.  1.  1.  1.  1.  1.  1.  1.  1. ]
296,1,-0.04999999999999993,-5.234245915024579,[ 0 10 20 30 40 50 60 70 80 90],[30 30 30 30 30 30 30 30 30 30],[27 30 30 30 30 30 30 30 30 30],[0.9 1.  1.  1.  1.  1.  1.  1.  1.  1. ]
297,1,-0.040000000000000036,-5.184626269230928,[ 0 10 20 30 40 50 60 70 80 90],[30 30 30 30 30 30 30 30 30 30],[27 30 30 30 30 30 30 30 30 30],[0.9 1.  1.  1.  1.  1.  1.  1.  1.  1. ]
298,1,-0.030000000000000027,-5.136378723389012,[ 0 10 20 30 40 50 60 70 80 90],[30 30 30 30 30 30 30 30 30 30],[27 30 30 30 30 30 30 30 30 30],[0.9 1.  1.  1.  1.  1.  1.  1.  1.  1. ]
299,1,-0.020000000000000018,-5.089482065362151,[ 0 10 20 30 40 50 60 70 80 90],[30 30 30 30 30 30 30 30 30 30],[27 30 30 30 30 30 30 30 30 30],[0.9 1.  1.  1.  1.  1.  1.  1.  1.  1. ]
300,1,-0.010000000000000009,-5.043913967019197,[ 0 10 20 30 40 50 60 70 80 90],[30 30 30 30 30 30 30 30 30 30],[27 30 30 30 30 30 30 30 30 30],[0.9 1.  1.  1.  1.  1.  1.  1.  1.  1. ]
301,1,0.0,-4.999651113435563,[ 0 10 20 30 40 50 60 70 80 90],[30 30 30 30 30 30 30 30 30 30],[27 30 30 30 30 30 30 30 30 30],[0.9 1.  1.  1.  1.  1.  1.  1.  1.  1. ]
302,1,0.03,-4.874448557162991,[ 0 10 20 30 40 50 60 70 80 90],[30 30 30 30 30 30 30 30 30 30],[27 30 30 30 30 30 30 30 30 30],[0.9 1.  1.  1.  1.  1.  1.  1.  1.  1. ]
303,1,0.06,-4.760083172961271,[ 0 10 20 30 40 50 60 70 80 90],[30 30 30 30 30 30 30 30 30 30],[27 30 30 30 30 30 30 30 30 30],[0.9 1.  1.  1.  1.  1.  1.  1.  1.  1. ]
304,1,0.09,-4.655830273159997,[ 0 10 20 30 40 50 60 70 80 90],[30 30 30 30 30 30 30 30 30 30],[27 30 30 30 30 30 30 30 30 30],[0.9 1.  1.  1.  1.  1.  1.  1.  1.  1. ]
305,1,0.12,-4.560949460503073,[ 0 10 20 30 40 50 60 70 80 90],[30 30 30 30 30 30 30 30 30 30],[27 30 30 30 30 30 30 30 30 30],[0.9 1.  1.  1.  1.  1.  1.  1.  1.  1. ]
306,1,0.15,-4.474702398037358,[ 0 10 20 30 40 50 60 70 80 90],[30 30 30 30 30 30 30 30 30 30],[27 30 30 30 30 30 30 30 30 30],[0.9 1.  1.  1.  1.  1.  1.  1.  1.  1. ]
307,1,0.18,-4.396367331970821,[ 0 10 20 30 40 50 60 70 80 90],[30 30 30 30 30 30 30 30 30 30],[27 30 30 30 30 30 30 30 30 30],[0.9 1.  1.  1.  1.  1.  1.  1.  1.  1. ]
308,1,0.21,-4.325250408001535,[ 0 10 20 30 40 50 60 70 80 90],[30 30 30 30 30 30 30 30 30 30],[27 30 30 30 30 30 30 30 30 30],[0.9 1.  1.  1.  1.  1.  1.  1.  1.  1. ]
309,1,0.24,-4.260693927258203,[ 0 10 20 30 40 50 60 70 80 90],[30 30 30 30 30 30 30 30 30 30],[27 30 30 30 30 30 30 30 30 30],[0.9 1.  1.  1.  1.  1.  1.  1.  1.  1. ]
310,1,0.27,-4.202081823901173,[ 0 10 20 30 40 50 60 70 80 90],[30 30 30 30 30 30 30 30 30 30],[27 30 30 30 30 30 30 30 30 30],[0.9 1.  1.  1.  1.  1.  1.  1.  1.  1. ]
311,1,0.3,-4.148842750823887,[ 0 10 20 30 40 50 60 70 80 90],[30 30 30 30 30 30 30 30 30 30],[27 30 30 30 30 30 30 30 30 30],[0.9 1.  1.  1.  1.  1.  1.  1.  1.  1. ]
312,1,0.32999999999999996,-4.100451211506721,[ 0 10 20 30 40 50 60 70 80 90],[30 30 30 30 30 30 30 30 30 30],[27 30 30 30 30 30 30 30 30 30],[0.9 1.  1.  1.  1.  1.  1.  1.  1.  1. ]
313,1,0.36,-4.056427177943177,[ 0 10 20 30 40 50 60 70 80 90],[30 30 30 30 30 30 30 30 30 30],[27 30 30 30 30 30 30 30 30 30],[0.9 1.  1.  1.  1.  1.  1.  1.  1.  1. ]
314,1,0.39,-4.016334600093641,[ 0 10 20 30 40 50 60 70 80 90],[30 30 30 30 30 30 30 30 30 30],[27 30 30 30 30 30 30 30 30 30],[0.9 1.  1.  1.  1.  1.  1.  1.  1.  1. ]
315,1,0.42,-3.979779156838542,[ 0 10 20 30 40 50 60 70 80 90],[30 30 30 30 30 30 30 30 30 30],[27 30 30 30 30 30 30 30 30 30],[0.9 1.  1.  1.  1.  1.  1.  1.  1.  1. ]
316,1,0.44999999999999996,-3.9464055347814915,[ 0 10 20 30 40 50 60 70 80 90],[30 30 30 30 30 30 30 30 30 30],[27 30 30 30 30 30 30 30 30 30],[0.9 1.  1.  1.  1.  1.  1.  1.  1.  1. ]
317,1,0.48,-3.9158944584767212,[ 0 10 20 30 40 50 60 70 80 90],[30 30 30 30 30 30 30 30 30 30],[27 30 30 30 30 30 30 30 30 30],[0.9 1.  1.  1.  1.  1.  1.  1.  1.  1. ]
318,1,0.51,-3.8879596391053037,[ 0 10 20 30 40 50 60 70 80 90],[30 30 30 30 30 30 30 30 30 30],[27 30 30 30 30 30 30 30 30 30],[0.9 1.  1.  1.  1.  1.  1.  1.  1.  1. ]
319,1,0.54,-3.8623447607819714,[ 0 10 20 30 40 50 60 70 80 90],[30 30 30 30 30 30 30 30 30 30],[27 30 30 30 30 30 30 30 30 30],[0.9 1.  1.  1.  1.  1.  1.  1.  1.  1. ]
320,1,0.57,-3.8388205851217405,[ 0 10 20 30 40 50 60 70 80 90],[30 30 30 30 30 30 30 30 30 30],[27 30 30 30 30 30 30 30 30 30],[0.9 1.  1.  1.  1.  1.  1.  1.  1.  1. ]
321,1,0.6,-3.8171822248499123,[ 0 10 20 30 40 50 60 70 80 90],[30 30 30 30 30 30 30 30 30 30],[27 30 30 30 30 30 30 30 30 30],[0.9 1.  1.  1.  1.  1.  1.  1.  1.  1. ]
322,1,0.63,-3.7972466149302644,[ 0 10 20 30 40 50 60 70 80 90],[30 30 30 30 30 30 30 30 30 30],[27 30 30 30 30 30 30 30 30 30],[0.9 1.  1.  1.  1.  1.  1.  1.  1.  1. ]
323,1,0.6599999999999999,-3.7788501936100283,[ 0 10 20 30 40 50 60 70 80 90],[30 30 30 30 30 30 30 30 30 30],[27 30 30 30 30 30 30 30 30 30],[0.9 1.  1.  1.  1.  1.  1.  1.  1.  1. ]
324,1,0.69,-3.761846794592462,[ 0 10 20 30 40 50 60 70 80 90],[30 30 30 30 30 30 30 30 30 30],[27 30 30 30 30 30 30 30 30 30],[0.9 1.  1.  1.  1.  1.  1.  1.  1.  1. ]
325,1,0.72,-3.7461057441162016,[ 0 10 20 30 40 50 60 70 80 90],[30 30 30 30 30 30 30 30 30 30],[27 30 30 30 30 30 30 30 30 30],[0.9 1.  1.  1.  1.  1.  1.  1.  1.  1. ]
326,1,0.75,-3.731510152058934,[ 0 10 20 30 40 50 60 70 80 90],[30 30 30 30 30 30 30 30 30 30],[27 30 30 30 30 30 30 30 30 30],[0.9 1.  1.  1.  1.  1.  1.  1.  1.  1. ]
327,1,0.78,-3.717955383532596,[ 0 10 20 30 40 50 60 70 80 90],[30 30 30 30 30 30 30 30 30 30],[27 30 30 30 30 30 30 30 30 30],[0.9 1.  1.  1.  1.  1.  1.  1.  1.  1. ]
328,1,0.8099999999999999,-3.705347696196952,[ 0 10 20 30 40 50 60 70 80 90],[30 30 30 30 30 30 30 30 30 30],[27 30 30 30 30 30 30 30 30 30],[0.9 1.  1.  1.  1.  1.  1.  1.  1.  1. ]
329,1,0.84,-3.6936030282240475,[ 0 10 20 30 40 50 60 70 80 90],[30 30 30 30 30 30 30 30 30 30],[27 30 30 30 30 30 30 30 30 30],[0.9 1.  1.  1.  1.  1.  1.  1.  1.  1. ]
330,1,0.87,-3.6826459221900754,[ 0 10 20 30 40 50 60 70 80 90],[30 30 30 30 30 30 30 30 30 30],[27 30 30 30 30 30 30 30 30 30],[0.9 1.  1.  1.  1.  1.  1.  1.  1.  1. ]
331,1,0.8999999999999999,-3.67240857090351,[ 0 10 20 30 40 50 60 70 80 90],[30 30 30 30 30 30 30 30 30 30],[27 30 30 30 30 30 30 30 30 30],[0.9 1.  1.  1.  1.  1.  1.  1.  1.  1. ]
332,1,0.9299999999999999,-3.6628299721253366,[ 0 10 20 30 40 50 60 70 80 90],[30 30 30 30 30 30 30 30 30 30],[27 30 30 30 30 30 30 30 30 30],[0.9 1.  1.  1.  1.  1.  1.  1.  1.  1. ]
333,1,0.96,-3.6538551802010097,[ 0 10 20 30 40 50 60 70 80 90],[30 30 30 30 30 30 30 30 30 30],[27 30 30 30 30 30 30 30 30 30],[0.9 1.  1.  1.  1.  1.  1.  1.  1.  1. ]
334,1,0.99,-3.645434643706424,[ 0 10 20 30 40 50 60 70 80 90],[30 30 30 30 30 30 30 30 30 30],[27 30 30 30 30 30 30 30 30 30],[0.9 1.  1.  1.  1.  1.  1.  1.  1.  1. ]
335,1,1.02,-3.637523619289878,[ 0 10 20 30 40 50 60 70 80 90],[30 30 30 30 30 30 30 30 30 30],[27 30 30 30 30 30 30 30 30 30],[0.9 1.  1.  1.  1.  1.  1.  1.  1.  1. ]
336,1,1.05,-3.630081652899528,[ 0 10 20 30 40 50 60 70 80 90],[30 30 30 30 30 30 30 30 30 30],[27 30 30 30 30 30 30 30 30 30],[0.9 1.  1.  1.  1.  1.  1.  1.  1.  1. ]
337,1,1.08,-3.6230721205418552,[ 0 10 20 30 40 50 60 70 80 90],[30 30 30 30 30 30 30 30 30 30],[27 30 30 30 30 30 30 30 30 30],[0.9 1.  1.  1.  1.  1.  1.  1.  1.  1. ]
338,1,1.1099999999999999,-3.6164618215914905,[ 0 10 20 30 40 50 60 70 80 90],[30 30 30 30 30 30 30 30 30 30],[27 30 30 30 30 30 30 30 30 30],[0.9 1.  1.  1.  1.  1.  1.  1.  1.  1. ]
339,1,1.14,-3.6102206184634253,[ 0 10 20 30 40 50 60 70 80 90],[30 30 30 30 30 30 30 30 30 30],[27 30 30 30 30 30 30 30 30 30],[0.9 1.  1.  1.  1.  1.  1.  1.  1.  1. ]
340,1,1.17,-3.6043211171768954,[ 0 10 20 30 40 50 60 70 80 90],[30 30 30 30 30 30 30 30 30 30],[27 30 30 30 30 30 30 30 30 30],[0.9 1.  1.  1.  1.  1.  1.  1.  1.  1. ]
341,1,1.2,-3.5987383839814866,[ 0 10 20 30 40 50 60 70 80 90],[30 30 30 30 30 30 30 30 30 30],[27 30 30 30 30 30 30 30 30 30],[0.9 1.  1.  1.  1.  1.  1.  1.  1.  1. ]
342,1,1.23,-3.5934496937877425,[ 0 10 20 30 40 50 60 70 80 90],[30 30 30 30 30 30 30 30 30 30],[27 30 30 30 30 30 30 30 30 30],[0.9 1.  1.  1.  1.  1.  1.  1.  1.  1. ]
343,1,1.26,-3.588434306652431,[ 0 10 20 30 40 50 60 70 80 90],[30 30 30 30 30 30 30 30 30 30],[27 30 30 30 30 30 30 30 30 30],[0.9 1.  1.  1.  1.  1.  1.  1.  1.  1. ]
344,1,1.29,-3.583673269018511,[ 0 10 20 30 40 50 60 70 80 90],[30 30 30 30 30 30 30 30 30 30],[27 30 30 30 30 30 30 30 30 30],[0.9 1.  1.  1.  1.  1.  1.  1.  1.  1. ]
345,1,1.3199999999999998,-3.5791492368066833,[ 0 10 20 30 40 50 60 70 80 90],[30 30 30 30 30 30 30 30 30 30],[27 30 30 30 30 30 30 30 30 30],[0.9 1.  1.  1.  1.  1.  1.  1.  1.  1. ]
346,1,1.3499999999999999,-3.57484631780556,[ 0 10 20 30 40 50 60 70 80 90],[30 30 30 30 30 30 30 30 30 30],[27 30 30 30 30 30 30 30 30 30],[0.9 1.  1.  1.  1.  1.  1.  1.  1.  1. ]
347,1,1.38,-3.570749931115397,[ 0 10 20 30 40 50 60 70 80 90],[30 30 30 30 30 30 30 30 30 30],[27 30 30 30 30 30 30 30 30 30],[0.9 1.  1.  1.  1.  1.  1.  1.  1.  1. ]
348,1,1.41,-3.566846681671662,[ 0 10 20 30 40 50 60 70 80 90],[30 30 30 30 30 30 30 30 30 30],[27 30 30 30 30 30 30 30 30 30],[0.9 1.  1.  1.  1.  1.  1.  1.  1.  1. ]
349,1,1.44,-3.5631242481120524,[ 0 10 20 30 40 50 60 70 80 90],[30 30 30 30 30 30 30 30 30 30],[27 30 30 30 30 30 30 30 30 30],[0.9 1.  1.  1.  1.  1.  1.  1.  1.  1. ]
350,1,1.47,-3.559571282459823,[ 0 10 20 30 40 50 60 70 80 90],[30 30 30 30 30 30 30 30 30 30],[27 30 30 30 30 30 30 30 30 30],[0.9 1.  1.  1.  1.  1.  1.  1.  1.  1. ]
351,1,1.5,-3.5561773202795925,[ 0 10 20 30 40 50 60 70 80 90],[30 30 30 30 30 30 30 30 30 30],[27 30 30 30 30 30 30 30 30 30],[0.9 1.  1.  1.  1.  1.  1.  1.  1.  1. ]
352,1,1.53,-3.5529327001223523,[ 0 10 20 30 40 50 60 70 80 90],[30 30 30 30 30 30 30 30 30 30],[27 30 30 30 30 30 30 30 30 30],[0.9 1.  1.  1.  1.  1.  1.  1.  1.  1. ]
353,1,1.56,-3.5498284912174247,[ 0 10 20 30 40 50 60 70 80 90],[30 30 30 30 30 30 30 30 30 30],[27 30 30 30 30 30 30 30 30 30],[0.9 1.  1.  1.  1.  1.  1.  1.  1.  1. ]
354,1,1.5899999999999999,-3.5468564284931583,[ 0 10 20 30 40 50 60 70 80 90],[30 30 30 30 30 30 30 30 30 30],[27 30 30 30 30 30 30 30 30 30],[0.9 1.  1.  1.  1.  1.  1.  1.  1.  1. ]
355,1,1.6199999999999999,-3.544008854116206,[ 0 10 20 30 40 50 60 70 80 90],[30 30 30 30 30 30 30 30 30 30],[27 30 30 30 30 30 30 30 30 30],[0.9 1.  1.  1.  1.  1.  1.  1.  1.  1. ]
356,1,1.65,-3.541278664834705,[ 0 10 20 30 40 50 60 70 80 90],[30 30 30 30 30 30 30 30 30 30],[27 30 30 30 30 30 30 30 30 30],[0.9 1.  1.  1.  1.  1.  1.  1.  1.  1. ]
357,1,1.68,-3.5386592644940746,[ 0 10 20 30 40 50 60 70 80 90],[30 30 30 30 30 30 30 30 30 30],[27 30 30 30 30 30 30 30 30 30],[0.9 1.  1.  1.  1.  1.  1.  1.  1.  1. ]
358,1,1.71,-3.536144521167802,[ 0 10 20 30 40 50 60 70 80 90],[30 30 30 30 30 30 30 30 30 30],[27 30 30 30 30 30 30 30 30 30],[0.9 1.  1.  1.  1.  1.  1.  1.  1.  1. ]
359,1,1.74,-3.5337287284094665,[ 0 10 20 30 40 50 60 70 80 90],[30 30 30 30 30 30 30 30 30 30],[27 30 30 30 30 30 30 30 30 30],[0.9 1.  1.  1.  1.  1.  1.  1.  1.  1. ]
360,1,1.77,-3.531406570189447,[ 0 10 20 30 40 50 60 70 80 90],[30 30 30 30 30 30 30 30 30 30],[27 30 30 30 30 30 30 30 30 30],[0.9 1.  1.  1.  1.  1.  1.  1.  1.  1. ]
361,1,1.7999999999999998,-3.529173089129316,[ 0 10 20 30 40 50 60 70 80 90],[30 30 30 30 30 30 30 30 30 30],[27 30 30 30 30 30 30 30 30 30],[0.9 1.  1.  1.  1.  1.  1.  1.  1.  1. ]
362,1,1.8299999999999998,-3.5270236576906786,[ 0 10 20 30 40 50 60 70 80 90],[30 30 30 30 30 30 30 30 30 30],[27 30 30 30 30 30 30 30 30 30],[0.9 1.  1.  1.  1.  1.  1.  1.  1.  1. ]
363,1,1.8599999999999999,-3.524953952013559,[ 0 10 20 30 40 50 60 70 80 90],[30 30 30 30 30 30 30 30 30 30],[27 30 30 30 30 30 30 30 30 30],[0.9 1.  1.  1.  1.  1.  1.  1.  1.  1. ]
364,1,1.89,-3.52295992813451,[ 0 10 20 30 40 50 60 70 80 90],[30 30 30 30 30 30 30 30 30 30],[27 30 30 30 30 30 30 30 30 30],[0.9 1.  1.  1.  1.  1.  1.  1.  1.  1. ]
365,1,1.92,-3.5210378003427096,[ 0 10 20 30 40 50 60 70 80 90],[30 30 30 30 30 30 30 30 30 30],[27 30 30 30 30 30 30 30 30 30],[0.9 1.  1.  1.  1.  1.  1.  1.  1.  1. ]
366,1,1.95,-3.5191840214604797,[ 0 10 20 30 40 50 60 70 80 90],[30 30 30 30 30 30 30 30 30 30],[27 30 30 30 30 30 30 30 30 30],[0.9 1.  1.  1.  1.  1.  1.  1.  1.  1. ]
367,1,1.98,-3.5173952648574365,[ 0 10 20 30 40 50 60 70 80 90],[30 30 30 30 30 30 30 30 30 30],[27 30 30 30 30 30 30 30 30 30],[0.9 1.  1.  1.  1.  1.  1.  1.  1.  1. ]
368,1,2.01,-3.5156684080272433,[ 0 10 20 30 40 50 60 70 80 90],[30 30 30 30 30 30 30 30 30 30],[27 30 30 30 30 30 30 30 30 30],[0.9 1.  1.  1.  1.  1.  1.  1.  1.  1. ]
369,1,2.04,-3.514000517576109,[ 0 10 20 30 40 50 60 70 80 90],[30 30 30 30 30 30 30 30 30 30],[27 30 30 30 30 30 30 30 30 30],[0.9 1.  1.  1.  1.  1.  1.  1.  1.  1. ]
370,1,2.07,-3.512388835485719,[ 0 10 20 30 40 50 60 70 80 90],[30 30 30 30 30 30 30 30 30 30],[27 30 30 30 30 30 30 30 30 30],[0.9 1.  1.  1.  1.  1.  1.  1.  1.  1. ]
371,1,2.1,-3.51083076653012,[ 0 10 20 30 40 50 60 70 80 90],[30 30 30 30 30 30 30 30 30 30],[27 30 30 30 30 30 30 30 30 30],[0.9 1.  1.  1.  1.  1.  1.  1.  1.  1. ]
372,1,2.13,-3.509323866739163,[ 0 10 20 30 40 50 60 70 80 90],[30 30 30 30 30 30 30 30 30 30],[27 30 30 30 30 30 30 30 30 30],[0.9 1.  1.  1.  1.  1.  1.  1.  1.  1. ]
373,1,2.16,-3.507865832804675,[ 0 10 20 30 40 50 60 70 80 90],[30 30 30 30 30 30 30 30 30 30],[27 30 30 30 30 30 30 30 30 30],[0.9 1.  1.  1.  1.  1.  1.  1.  1.  1. ]
374,1,2.19,-3.506454492352082,[ 0 10 20 30 40 50 60 70 80 90],[30 30 30 30 30 30 30 30 30 30],[27 30 30 30 30 30 30 30 30 30],[0.9 1.  1.  1.  1.  1.  1.  1.  1.  1. ]
375,1,2.2199999999999998,-3.505087794989439,[ 0 10 20 30 40 50 60 70 80 90],[30 30 30 30 30 30 30 30 30 30],[27 30 30 30 30 30 30 30 30 30],[0.9 1.  1.  1.  1.  1.  1.  1.  1.  1. ]
376,1,2.25,-3.503763804066248,[ 0 10 20 30 40 50 60 70 80 90],[30 30 30 30 30 30 30 30 30 30],[27 30 30 30 30 30 30 30 30 30],[0.9 1.  1.  1.  1.  1.  1.  1.  1.  1. ]
377,1,2.28,-3.502480689081864,[ 0 10 20 30 40 50 60 70 80 90],[30 30 30 30 30 30 30 30 30 30],[27 30 30 30 30 30 30 30 30 30],[0.9 1.  1.  1.  1.  1.  1.  1.  1.  1. ]
378,1,2.31,-3.501236718681878,[ 0 10 20 30 40 50 60 70 80 90],[30 30 30 30 30 30 30 30 30 30],[27 30 30 30 30 30 30 30 30 30],[0.9 1.  1.  1.  1.  1.  1.  1.  1.  1. ]
379,1,2.34,-3.500030254189541,[ 0 10 20 30 40 50 60 70 80 90],[30 30 30 30 30 30 30 30 30 30],[27 30 30 30 30 30 30 30 30 30],[0.9 1.  1.  1.  1.  1.  1.  1.  1.  1. ]
380,1,2.37,-3.4988597436327296,[ 0 10 20 30 40 50 60 70 80 90],[30 30 30 30 30 30 30 30 30 30],[27 30 30 30 30 30 30 30 30 30],[0.9 1.  1.  1.  1.  1.  1.  1.  1.  1. ]
381,1,2.4,-3.4977237162155412,[ 0 10 20 30 40 50 60 70 80 90],[30 30 30 30 30 30 30 30 30 30],[27 30 30 30 30 30 30 30 30 30],[0.9 1.  1.  1.  1.  1.  1.  1.  1.  1. ]
382,1,2.4299999999999997,-3.496620777201854,[ 0 10 20 30 40 50 60 70 80 90],[30 30 30 30 30 30 30 30 30 30],[27 30 30 30 30 30 30 30 30 30],[0.9 1.  1.  1.  1.  1.  1.  1.  1.  1. ]
383,1,2.46,-3.495549603175559,[ 0 10 20 30 40 50 60 70 80 90],[30 30 30 30 30 30 30 30 30 30],[27 30 30 30 30 30 30 30 30 30],[0.9 1.  1.  1.  1.  1.  1.  1.  1.  1. ]
384,1,2.4899999999999998,-3.494508937643699,[ 0 10 20 30 40 50 60 70 80 90],[30 30 30 30 30 30 30 30 30 30],[27 30 30 30 30 30 30 30 30 30],[0.9 1.  1.  1.  1.  1.  1.  1.  1.  1. ]
385,1,2.52,-3.493497586955445,[ 0 10 20 30 40 50 60 70 80 90],[30 30 30 30 30 30 30 30 30 30],[27 30 30 30 30 30 30 30 30 30],[0.9 1.  1.  1.  1.  1.  1.  1.  1.  1. ]
386,1,2.55,-3.4925144165149224,[ 0 10 20 30 40 50 60 70 80 90],[30 30 30 30 30 30 30 30 30 30],[27 30 30 30 30 30 30 30 30 30],[0.9 1.  1.  1.  1.  1.  1.  1.  1.  1. ]
387,1,2.58,-3.491558347254631,[ 0 10 20 30 40 50 60 70 80 90],[30 30 30 30 30 30 30 30 30 30],[27 30 30 30 30 30 30 30 30 30],[0.9 1.  1.  1.  1.  1.  1.  1.  1.  1. ]
388,1,2.61,-3.490628352359545,[ 0 10 20 30 40 50 60 70 80 90],[30 30 30 30 30 30 30 30 30 30],[27 30 30 30 30 30 30 30 30 30],[0.9 1.  1.  1.  1.  1.  1.  1.  1.  1. ]
389,1,2.6399999999999997,-3.4897234542162745,[ 0 10 20 30 40 50 60 70 80 90],[30 30 30 30 30 30 30 30 30 30],[27 30 30 30 30 30 30 30 30 30],[0.9 1.  1.  1.  1.  1.  1.  1.  1.  1. ]
390,1,2.67,-3.4888427215658115,[ 0 10 20 30 40 50 60 70 80 90],[30 30 30 30 30 30 30 30 30 30],[27 30 30 30 30 30 30 30 30 30],[0.9 1.  1.  1.  1.  1.  1.  1.  1.  1. ]
391,1,2.6999999999999997,-3.4879852668554103,[ 0 10 20 30 40 50 60 70 80 90],[30 30 30 30 30 30 30 30 30 30],[27 30 30 30 30 30 30 30 30 30],[0.9 1.  1.  1.  1.  1.  1.  1.  1.  1. ]
392,1,2.73,-3.487150243762911,[ 0 10 20 30 40 50 60 70 80 90],[30 30 30 30 30 30 30 30 30 30],[27 30 30 30 30 30 30 30 30 30],[0.9 1.  1.  1.  1.  1.  1.  1.  1.  1. ]
393,1,2.76,-3.486336844884511,[ 0 10 20 30 40 50 60 70 80 90],[30 30 30 30 30 30 30 30 30 30],[27 30 30 30 30 30 30 30 30 30],[0.9 1.  1.  1.  1.  1.  1.  1.  1.  1. ]
394,1,2.79,-3.4855442995776533,[ 0 10 20 30 40 50 60 70 80 90],[30 30 30 30 30 30 30 30 30 30],[27 30 30 30 30 30 30 30 30 30],[0.9 1.  1.  1.  1.  1.  1.  1.  1.  1. ]
395,1,2.82,-3.4847718719401017,[ 0 10 20 30 40 50 60 70 80 90],[30 30 30 30 30 30 30 30 30 30],[27 30 30 30 30 30 30 30 30 30],[0.9 1.  1.  1.  1.  1.  1.  1.  1.  1. ]
396,1,2.85,-3.4840188589205594,[ 0 10 20 30 40 50 60 70 80 90],[30 30 30 30 30 30 30 30 30 30],[27 30 30 30 30 30 30 30 30 30],[0.9 1.  1.  1.  1.  1.  1.  1.  1.  1. ]
397,1,2.88,-3.4832845885505876,[ 0 10 20 30 40 50 60 70 80 90],[30 30 30 30 30 30 30 30 30 30],[27 30 30 30 30 30 30 30 30 30],[0.9 1.  1.  1.  1.  1.  1.  1.  1.  1. ]
398,1,2.9099999999999997,-3.482568418283693,[ 0 10 20 30 40 50 60 70 80 90],[30 30 30 30 30 30 30 30 30 30],[27 30 30 30 30 30 30 30 30 30],[0.9 1.  1.  1.  1.  1.  1.  1.  1.  1. ]
399,1,2.94,-3.481869733442731,[ 0 10 20 30 40 50 60 70 80 90],[30 30 30 30 30 30 30 30 30 30],[27 30 30 30 30 30 30 30 30 30],[0.9 1.  1.  1.  1.  1.  1.  1.  1.  1. ]
400,1,2.9699999999999998,-3.4811879457623305,[ 0 10 20 30 40 50 60 70 80 90],[30 30 30 30 30 30 30 30 30 30],[27 30 30 30 30 30 30 30 30 30],[0.9 1.  1.  1.  1.  1.  1.  1.  1.  1. ]
401,1,3.0,-3.4805224920163855,[ 0 10 20 30 40 50 60 70 80 90],[30 30 30 30 30 30 30 30 30 30],[27 30 30 30 30 30 30 30 30 30],[0.9 1.  1.  1.  1.  1.  1.  1.  1.  1. ]
